filename,width,height,class,xmin,ymin,xmax,ymax
images/train/CARDS_LIVINGROOM_B_T_frame_0032.jpg,1280,720,hand,806,335,1003,479
images/train/CARDS_LIVINGROOM_B_T_frame_0032.jpg,1280,720,hand,425,349,652,479
images/train/CARDS_LIVINGROOM_B_T_frame_0085.jpg,1280,720,hand,654,661,836,718
images/train/CARDS_LIVINGROOM_B_T_frame_0085.jpg,1280,720,hand,755,311,953,447
images/train/CARDS_LIVINGROOM_B_T_frame_0085.jpg,1280,720,hand,533,212,798,377
images/train/CARDS_LIVINGROOM_B_T_frame_0093.jpg,1280,720,hand,671,657,895,718
images/train/CARDS_LIVINGROOM_B_T_frame_0093.jpg,1280,720,hand,747,318,953,447
images/train/CARDS_LIVINGROOM_B_T_frame_0093.jpg,1280,720,hand,537,226,766,379
images/train/CARDS_LIVINGROOM_B_T_frame_0096.jpg,1280,720,hand,705,697,815,718
images/train/CARDS_LIVINGROOM_B_T_frame_0096.jpg,1280,720,hand,781,335,997,479
images/train/CARDS_LIVINGROOM_B_T_frame_0096.jpg,1280,720,hand,565,229,792,392
images/train/CARDS_LIVINGROOM_B_T_frame_0124.jpg,1280,720,hand,700,375,912,513
images/train/CARDS_LIVINGROOM_B_T_frame_0124.jpg,1280,720,hand,474,354,683,502
images/train/CARDS_LIVINGROOM_B_T_frame_0145.jpg,1280,720,hand,762,650,972,718
images/train/CARDS_LIVINGROOM_B_T_frame_0145.jpg,1280,720,hand,792,347,1069,489
images/train/CARDS_LIVINGROOM_B_T_frame_0145.jpg,1280,720,hand,558,343,762,485
images/train/CARDS_LIVINGROOM_B_T_frame_0204.jpg,1280,720,hand,628,680,821,718
images/train/CARDS_LIVINGROOM_B_T_frame_0204.jpg,1280,720,hand,802,392,1044,538
images/train/CARDS_LIVINGROOM_B_T_frame_0204.jpg,1280,720,hand,605,356,800,504
images/train/CARDS_LIVINGROOM_B_T_frame_0262.jpg,1280,720,hand,561,650,889,718
images/train/CARDS_LIVINGROOM_B_T_frame_0262.jpg,1280,720,hand,792,368,1018,510
images/train/CARDS_LIVINGROOM_B_T_frame_0262.jpg,1280,720,hand,544,356,768,506
images/train/CARDS_LIVINGROOM_B_T_frame_0263.jpg,1280,720,hand,561,650,885,718
images/train/CARDS_LIVINGROOM_B_T_frame_0263.jpg,1280,720,hand,792,368,1014,515
images/train/CARDS_LIVINGROOM_B_T_frame_0263.jpg,1280,720,hand,548,360,755,506
images/train/CARDS_LIVINGROOM_B_T_frame_0321.jpg,1280,720,hand,166,623,482,718
images/train/CARDS_LIVINGROOM_B_T_frame_0321.jpg,1280,720,hand,647,614,938,718
images/train/CARDS_LIVINGROOM_B_T_frame_0321.jpg,1280,720,hand,775,328,1008,477
images/train/CARDS_LIVINGROOM_B_T_frame_0321.jpg,1280,720,hand,550,324,775,457
images/train/CARDS_LIVINGROOM_B_T_frame_0374.jpg,1280,720,hand,209,674,419,718
images/train/CARDS_LIVINGROOM_B_T_frame_0374.jpg,1280,720,hand,779,650,927,718
images/train/CARDS_LIVINGROOM_B_T_frame_0374.jpg,1280,720,hand,781,352,995,489
images/train/CARDS_LIVINGROOM_B_T_frame_0374.jpg,1280,720,hand,548,286,770,441
images/train/CARDS_LIVINGROOM_B_T_frame_0383.jpg,1280,720,hand,921,366,1154,515
images/train/CARDS_LIVINGROOM_B_T_frame_0383.jpg,1280,720,hand,563,360,823,616
images/train/CARDS_LIVINGROOM_B_T_frame_0403.jpg,1280,720,hand,726,345,936,479
images/train/CARDS_LIVINGROOM_B_T_frame_0403.jpg,1280,720,hand,522,339,713,470
images/train/CARDS_LIVINGROOM_B_T_frame_0425.jpg,1280,720,hand,440,538,940,718
images/train/CARDS_LIVINGROOM_B_T_frame_0425.jpg,1280,720,hand,789,377,1042,508
images/train/CARDS_LIVINGROOM_B_T_frame_0425.jpg,1280,720,hand,588,356,785,487
images/train/CARDS_LIVINGROOM_B_T_frame_0437.jpg,1280,720,hand,800,356,1152,676
images/train/CARDS_LIVINGROOM_B_T_frame_0437.jpg,1280,720,hand,573,360,768,489
images/train/CARDS_LIVINGROOM_B_T_frame_0462.jpg,1280,720,hand,694,330,929,449
images/train/CARDS_LIVINGROOM_B_T_frame_0462.jpg,1280,720,hand,501,309,696,438
images/train/CARDS_LIVINGROOM_B_T_frame_0504.jpg,1280,720,hand,626,313,872,449
images/train/CARDS_LIVINGROOM_B_T_frame_0504.jpg,1280,720,hand,429,339,616,472
images/train/CARDS_LIVINGROOM_B_T_frame_0530.jpg,1280,720,hand,647,328,881,443
images/train/CARDS_LIVINGROOM_B_T_frame_0530.jpg,1280,720,hand,438,330,654,455
images/train/CARDS_LIVINGROOM_B_T_frame_0604.jpg,1280,720,hand,732,428,955,557
images/train/CARDS_LIVINGROOM_B_T_frame_0604.jpg,1280,720,hand,346,426,582,621
images/train/CARDS_LIVINGROOM_B_T_frame_0657.jpg,1280,720,hand,683,631,866,718
images/train/CARDS_LIVINGROOM_B_T_frame_0657.jpg,1280,720,hand,660,343,838,460
images/train/CARDS_LIVINGROOM_B_T_frame_0657.jpg,1280,720,hand,457,322,677,457
images/train/CARDS_LIVINGROOM_B_T_frame_0677.jpg,1280,720,hand,630,318,847,438
images/train/CARDS_LIVINGROOM_B_T_frame_0677.jpg,1280,720,hand,452,307,626,441
images/train/CARDS_LIVINGROOM_B_T_frame_0686.jpg,1280,720,hand,654,313,881,451
images/train/CARDS_LIVINGROOM_B_T_frame_0686.jpg,1280,720,hand,472,337,654,460
images/train/CARDS_LIVINGROOM_B_T_frame_0688.jpg,1280,720,hand,650,313,897,447
images/train/CARDS_LIVINGROOM_B_T_frame_0688.jpg,1280,720,hand,474,332,643,466
images/train/CARDS_LIVINGROOM_B_T_frame_0695.jpg,1280,720,hand,639,309,902,436
images/train/CARDS_LIVINGROOM_B_T_frame_0695.jpg,1280,720,hand,450,313,643,457
images/train/CARDS_LIVINGROOM_B_T_frame_0745.jpg,1280,720,hand,669,686,815,718
images/train/CARDS_LIVINGROOM_B_T_frame_0745.jpg,1280,720,hand,703,354,904,487
images/train/CARDS_LIVINGROOM_B_T_frame_0745.jpg,1280,720,hand,332,347,577,572
images/train/CARDS_LIVINGROOM_B_T_frame_0747.jpg,1280,720,hand,675,682,821,718
images/train/CARDS_LIVINGROOM_B_T_frame_0747.jpg,1280,720,hand,717,362,929,494
images/train/CARDS_LIVINGROOM_B_T_frame_0747.jpg,1280,720,hand,319,360,573,623
images/train/CARDS_LIVINGROOM_B_T_frame_0751.jpg,1280,720,hand,675,667,817,718
images/train/CARDS_LIVINGROOM_B_T_frame_0751.jpg,1280,720,hand,728,349,927,485
images/train/CARDS_LIVINGROOM_B_T_frame_0751.jpg,1280,720,hand,325,394,548,612
images/train/CARDS_LIVINGROOM_B_T_frame_0771.jpg,1280,720,hand,734,366,953,496
images/train/CARDS_LIVINGROOM_B_T_frame_0771.jpg,1280,720,hand,317,229,577,390
images/train/CARDS_LIVINGROOM_B_T_frame_0840.jpg,1280,720,hand,726,464,1037,718
images/train/CARDS_LIVINGROOM_B_T_frame_0840.jpg,1280,720,hand,696,320,944,443
images/train/CARDS_LIVINGROOM_B_T_frame_0840.jpg,1280,720,hand,493,320,694,453
images/train/CARDS_LIVINGROOM_B_T_frame_0856.jpg,1280,720,hand,671,633,921,718
images/train/CARDS_LIVINGROOM_B_T_frame_0856.jpg,1280,720,hand,677,322,927,453
images/train/CARDS_LIVINGROOM_B_T_frame_0856.jpg,1280,720,hand,508,328,690,449
images/train/CARDS_LIVINGROOM_B_T_frame_0910.jpg,1280,720,hand,726,659,851,718
images/train/CARDS_LIVINGROOM_B_T_frame_0910.jpg,1280,720,hand,673,326,912,441
images/train/CARDS_LIVINGROOM_B_T_frame_0910.jpg,1280,720,hand,482,326,677,447
images/train/CARDS_LIVINGROOM_B_T_frame_0919.jpg,1280,720,hand,656,322,895,445
images/train/CARDS_LIVINGROOM_B_T_frame_0919.jpg,1280,720,hand,482,318,662,438
images/train/CARDS_LIVINGROOM_B_T_frame_0944.jpg,1280,720,hand,173,691,234,718
images/train/CARDS_LIVINGROOM_B_T_frame_0944.jpg,1280,720,hand,703,667,789,718
images/train/CARDS_LIVINGROOM_B_T_frame_0944.jpg,1280,720,hand,652,303,876,428
images/train/CARDS_LIVINGROOM_B_T_frame_0944.jpg,1280,720,hand,442,246,660,383
images/train/CARDS_LIVINGROOM_B_T_frame_0949.jpg,1280,720,hand,168,691,219,718
images/train/CARDS_LIVINGROOM_B_T_frame_0949.jpg,1280,720,hand,677,667,783,718
images/train/CARDS_LIVINGROOM_B_T_frame_0949.jpg,1280,720,hand,639,296,870,424
images/train/CARDS_LIVINGROOM_B_T_frame_0949.jpg,1280,720,hand,446,231,664,379
images/train/CARDS_LIVINGROOM_B_T_frame_1027.jpg,1280,720,hand,760,288,976,428
images/train/CARDS_LIVINGROOM_B_T_frame_1027.jpg,1280,720,hand,399,339,620,604
images/train/CARDS_LIVINGROOM_B_T_frame_1030.jpg,1280,720,hand,785,390,982,527
images/train/CARDS_LIVINGROOM_B_T_frame_1030.jpg,1280,720,hand,421,432,635,712
images/train/CARDS_LIVINGROOM_B_T_frame_1059.jpg,1280,720,hand,652,326,866,449
images/train/CARDS_LIVINGROOM_B_T_frame_1059.jpg,1280,720,hand,419,328,635,460
images/train/CARDS_LIVINGROOM_B_T_frame_1138.jpg,1280,720,hand,594,659,781,718
images/train/CARDS_LIVINGROOM_B_T_frame_1138.jpg,1280,720,hand,647,269,914,407
images/train/CARDS_LIVINGROOM_B_T_frame_1138.jpg,1280,720,hand,493,263,673,405
images/train/CARDS_LIVINGROOM_B_T_frame_1184.jpg,1280,720,hand,698,320,908,441
images/train/CARDS_LIVINGROOM_B_T_frame_1184.jpg,1280,720,hand,378,226,662,390
images/train/CARDS_LIVINGROOM_B_T_frame_1203.jpg,1280,720,hand,654,305,866,430
images/train/CARDS_LIVINGROOM_B_T_frame_1203.jpg,1280,720,hand,393,273,637,441
images/train/CARDS_LIVINGROOM_B_T_frame_1267.jpg,1280,720,hand,713,294,953,417
images/train/CARDS_LIVINGROOM_B_T_frame_1267.jpg,1280,720,hand,529,265,719,396
images/train/CARDS_LIVINGROOM_B_T_frame_1277.jpg,1280,720,hand,700,678,811,718
images/train/CARDS_LIVINGROOM_B_T_frame_1277.jpg,1280,720,hand,686,290,914,415
images/train/CARDS_LIVINGROOM_B_T_frame_1277.jpg,1280,720,hand,497,288,686,419
images/train/CARDS_LIVINGROOM_B_T_frame_1310.jpg,1280,720,hand,641,294,874,417
images/train/CARDS_LIVINGROOM_B_T_frame_1310.jpg,1280,720,hand,419,307,641,432
images/train/CARDS_LIVINGROOM_B_T_frame_1322.jpg,1280,720,hand,635,286,870,417
images/train/CARDS_LIVINGROOM_B_T_frame_1322.jpg,1280,720,hand,404,288,605,417
images/train/CARDS_LIVINGROOM_B_T_frame_1366.jpg,1280,720,hand,686,305,889,436
images/train/CARDS_LIVINGROOM_B_T_frame_1366.jpg,1280,720,hand,508,411,758,625
images/train/CARDS_LIVINGROOM_B_T_frame_1433.jpg,1280,720,hand,666,430,957,718
images/train/CARDS_LIVINGROOM_B_T_frame_1433.jpg,1280,720,hand,675,324,900,441
images/train/CARDS_LIVINGROOM_B_T_frame_1433.jpg,1280,720,hand,474,299,669,434
images/train/CARDS_LIVINGROOM_B_T_frame_1476.jpg,1280,720,hand,577,566,855,718
images/train/CARDS_LIVINGROOM_B_T_frame_1476.jpg,1280,720,hand,703,309,908,434
images/train/CARDS_LIVINGROOM_B_T_frame_1476.jpg,1280,720,hand,529,305,690,447
images/train/CARDS_LIVINGROOM_B_T_frame_1477.jpg,1280,720,hand,580,574,853,718
images/train/CARDS_LIVINGROOM_B_T_frame_1477.jpg,1280,720,hand,703,307,902,434
images/train/CARDS_LIVINGROOM_B_T_frame_1477.jpg,1280,720,hand,522,305,681,438
images/train/CARDS_LIVINGROOM_B_T_frame_1484.jpg,1280,720,hand,785,322,1014,449
images/train/CARDS_LIVINGROOM_B_T_frame_1484.jpg,1280,720,hand,423,284,656,445
images/train/CARDS_LIVINGROOM_B_T_frame_1533.jpg,1280,720,hand,514,644,847,718
images/train/CARDS_LIVINGROOM_B_T_frame_1533.jpg,1280,720,hand,690,294,895,411
images/train/CARDS_LIVINGROOM_B_T_frame_1533.jpg,1280,720,hand,393,212,624,362
images/train/CARDS_LIVINGROOM_B_T_frame_1535.jpg,1280,720,hand,518,638,868,718
images/train/CARDS_LIVINGROOM_B_T_frame_1535.jpg,1280,720,hand,681,290,912,417
images/train/CARDS_LIVINGROOM_B_T_frame_1535.jpg,1280,720,hand,374,203,592,360
images/train/CARDS_LIVINGROOM_B_T_frame_1580.jpg,1280,720,hand,698,517,1035,718
images/train/CARDS_LIVINGROOM_B_T_frame_1580.jpg,1280,720,hand,675,318,912,447
images/train/CARDS_LIVINGROOM_B_T_frame_1580.jpg,1280,720,hand,472,267,692,411
images/train/CARDS_LIVINGROOM_B_T_frame_1663.jpg,1280,720,hand,541,640,840,718
images/train/CARDS_LIVINGROOM_B_T_frame_1663.jpg,1280,720,hand,760,453,1001,589
images/train/CARDS_LIVINGROOM_B_T_frame_1663.jpg,1280,720,hand,550,428,751,572
images/train/CARDS_LIVINGROOM_B_T_frame_1707.jpg,1280,720,hand,671,546,948,718
images/train/CARDS_LIVINGROOM_B_T_frame_1707.jpg,1280,720,hand,734,347,1012,479
images/train/CARDS_LIVINGROOM_B_T_frame_1707.jpg,1280,720,hand,558,335,724,479
images/train/CARDS_LIVINGROOM_B_T_frame_1770.jpg,1280,720,hand,724,491,1080,718
images/train/CARDS_LIVINGROOM_B_T_frame_1770.jpg,1280,720,hand,703,339,959,453
images/train/CARDS_LIVINGROOM_B_T_frame_1770.jpg,1280,720,hand,525,337,709,474
images/train/CARDS_LIVINGROOM_B_T_frame_1832.jpg,1280,720,hand,639,477,989,718
images/train/CARDS_LIVINGROOM_B_T_frame_1832.jpg,1280,720,hand,728,335,978,455
images/train/CARDS_LIVINGROOM_B_T_frame_1832.jpg,1280,720,hand,522,315,713,453
images/train/CARDS_LIVINGROOM_B_T_frame_1835.jpg,1280,720,hand,694,449,991,718
images/train/CARDS_LIVINGROOM_B_T_frame_1835.jpg,1280,720,hand,753,339,982,477
images/train/CARDS_LIVINGROOM_B_T_frame_1835.jpg,1280,720,hand,474,301,736,449
images/train/CARDS_LIVINGROOM_B_T_frame_1876.jpg,1280,720,hand,775,383,1008,515
images/train/CARDS_LIVINGROOM_B_T_frame_1876.jpg,1280,720,hand,389,356,597,561
images/train/CARDS_LIVINGROOM_B_T_frame_1906.jpg,1280,720,hand,669,657,834,718
images/train/CARDS_LIVINGROOM_B_T_frame_1906.jpg,1280,720,hand,700,313,942,441
images/train/CARDS_LIVINGROOM_B_T_frame_1906.jpg,1280,720,hand,514,282,726,409
images/train/CARDS_LIVINGROOM_B_T_frame_1915.jpg,1280,720,hand,622,669,794,718
images/train/CARDS_LIVINGROOM_B_T_frame_1915.jpg,1280,720,hand,698,318,950,434
images/train/CARDS_LIVINGROOM_B_T_frame_1915.jpg,1280,720,hand,503,277,709,421
images/train/CARDS_LIVINGROOM_B_T_frame_2006.jpg,1280,720,hand,677,599,950,718
images/train/CARDS_LIVINGROOM_B_T_frame_2006.jpg,1280,720,hand,713,335,970,470
images/train/CARDS_LIVINGROOM_B_T_frame_2006.jpg,1280,720,hand,508,322,717,464
images/train/CARDS_LIVINGROOM_B_T_frame_2028.jpg,1280,720,hand,620,701,688,718
images/train/CARDS_LIVINGROOM_B_T_frame_2028.jpg,1280,720,hand,724,330,989,462
images/train/CARDS_LIVINGROOM_B_T_frame_2028.jpg,1280,720,hand,529,328,728,460
images/train/CARDS_LIVINGROOM_B_T_frame_2035.jpg,1280,720,hand,597,674,777,718
images/train/CARDS_LIVINGROOM_B_T_frame_2035.jpg,1280,720,hand,705,328,976,453
images/train/CARDS_LIVINGROOM_B_T_frame_2035.jpg,1280,720,hand,520,322,719,460
images/train/CARDS_LIVINGROOM_B_T_frame_2037.jpg,1280,720,hand,590,646,853,718
images/train/CARDS_LIVINGROOM_B_T_frame_2037.jpg,1280,720,hand,711,301,963,457
images/train/CARDS_LIVINGROOM_B_T_frame_2037.jpg,1280,720,hand,508,320,713,457
images/train/CARDS_LIVINGROOM_B_T_frame_2044.jpg,1280,720,hand,563,684,709,718
images/train/CARDS_LIVINGROOM_B_T_frame_2044.jpg,1280,720,hand,692,332,940,455
images/train/CARDS_LIVINGROOM_B_T_frame_2044.jpg,1280,720,hand,493,345,705,485
images/train/CARDS_LIVINGROOM_B_T_frame_2045.jpg,1280,720,hand,565,684,709,718
images/train/CARDS_LIVINGROOM_B_T_frame_2045.jpg,1280,720,hand,694,330,938,460
images/train/CARDS_LIVINGROOM_B_T_frame_2045.jpg,1280,720,hand,488,347,709,477
images/train/CARDS_LIVINGROOM_B_T_frame_2066.jpg,1280,720,hand,711,703,777,718
images/train/CARDS_LIVINGROOM_B_T_frame_2066.jpg,1280,720,hand,806,332,1061,474
images/train/CARDS_LIVINGROOM_B_T_frame_2066.jpg,1280,720,hand,575,328,794,481
images/train/CARDS_LIVINGROOM_B_T_frame_2103.jpg,1280,720,hand,656,549,1020,718
images/train/CARDS_LIVINGROOM_B_T_frame_2103.jpg,1280,720,hand,832,354,1067,487
images/train/CARDS_LIVINGROOM_B_T_frame_2103.jpg,1280,720,hand,633,341,832,485
images/train/CARDS_LIVINGROOM_B_T_frame_2138.jpg,1280,720,hand,224,699,270,718
images/train/CARDS_LIVINGROOM_B_T_frame_2138.jpg,1280,720,hand,569,629,840,718
images/train/CARDS_LIVINGROOM_B_T_frame_2138.jpg,1280,720,hand,715,326,957,453
images/train/CARDS_LIVINGROOM_B_T_frame_2138.jpg,1280,720,hand,522,320,713,445
images/train/CARDS_LIVINGROOM_B_T_frame_2144.jpg,1280,720,hand,217,695,277,718
images/train/CARDS_LIVINGROOM_B_T_frame_2144.jpg,1280,720,hand,582,623,849,716
images/train/CARDS_LIVINGROOM_B_T_frame_2144.jpg,1280,720,hand,722,311,955,455
images/train/CARDS_LIVINGROOM_B_T_frame_2144.jpg,1280,720,hand,529,324,717,453
images/train/CARDS_LIVINGROOM_B_T_frame_2198.jpg,1280,720,hand,232,697,281,718
images/train/CARDS_LIVINGROOM_B_T_frame_2198.jpg,1280,720,hand,605,619,885,718
images/train/CARDS_LIVINGROOM_B_T_frame_2198.jpg,1280,720,hand,747,341,950,451
images/train/CARDS_LIVINGROOM_B_T_frame_2198.jpg,1280,720,hand,525,303,726,436
images/train/CARDS_LIVINGROOM_B_T_frame_2199.jpg,1280,720,hand,232,699,283,718
images/train/CARDS_LIVINGROOM_B_T_frame_2199.jpg,1280,720,hand,607,616,887,718
images/train/CARDS_LIVINGROOM_B_T_frame_2199.jpg,1280,720,hand,753,343,959,457
images/train/CARDS_LIVINGROOM_B_T_frame_2199.jpg,1280,720,hand,512,303,728,451
images/train/CARDS_LIVINGROOM_B_T_frame_2223.jpg,1280,720,hand,185,676,253,716
images/train/CARDS_LIVINGROOM_B_T_frame_2223.jpg,1280,720,hand,561,667,817,718
images/train/CARDS_LIVINGROOM_B_T_frame_2223.jpg,1280,720,hand,832,341,1054,472
images/train/CARDS_LIVINGROOM_B_T_frame_2223.jpg,1280,720,hand,469,296,694,479
images/train/CARDS_LIVINGROOM_B_T_frame_2243.jpg,1280,720,hand,198,688,255,716
images/train/CARDS_LIVINGROOM_B_T_frame_2243.jpg,1280,720,hand,633,644,902,718
images/train/CARDS_LIVINGROOM_B_T_frame_2243.jpg,1280,720,hand,736,332,1025,460
images/train/CARDS_LIVINGROOM_B_T_frame_2243.jpg,1280,720,hand,546,309,732,449
images/train/CARDS_LIVINGROOM_B_T_frame_2269.jpg,1280,720,hand,179,676,262,718
images/train/CARDS_LIVINGROOM_B_T_frame_2269.jpg,1280,720,hand,652,703,728,718
images/train/CARDS_LIVINGROOM_B_T_frame_2269.jpg,1280,720,hand,745,328,1016,455
images/train/CARDS_LIVINGROOM_B_T_frame_2269.jpg,1280,720,hand,550,299,745,430
images/train/CARDS_LIVINGROOM_B_T_frame_2292.jpg,1280,720,hand,164,665,249,718
images/train/CARDS_LIVINGROOM_B_T_frame_2292.jpg,1280,720,hand,711,301,982,430
images/train/CARDS_LIVINGROOM_B_T_frame_2292.jpg,1280,720,hand,522,313,705,447
images/train/CARDS_LIVINGROOM_B_T_frame_2405.jpg,1280,720,hand,175,672,266,718
images/train/CARDS_LIVINGROOM_B_T_frame_2405.jpg,1280,720,hand,652,608,838,718
images/train/CARDS_LIVINGROOM_B_T_frame_2405.jpg,1280,720,hand,719,296,976,424
images/train/CARDS_LIVINGROOM_B_T_frame_2405.jpg,1280,720,hand,525,284,719,430
images/train/CARDS_LIVINGROOM_B_T_frame_2445.jpg,1280,720,hand,232,688,298,718
images/train/CARDS_LIVINGROOM_B_T_frame_2445.jpg,1280,720,hand,630,646,789,718
images/train/CARDS_LIVINGROOM_B_T_frame_2445.jpg,1280,720,hand,758,301,970,447
images/train/CARDS_LIVINGROOM_B_T_frame_2445.jpg,1280,720,hand,550,324,760,453
images/train/CARDS_LIVINGROOM_B_T_frame_2466.jpg,1280,720,hand,228,686,287,716
images/train/CARDS_LIVINGROOM_B_T_frame_2466.jpg,1280,720,hand,633,646,783,718
images/train/CARDS_LIVINGROOM_B_T_frame_2466.jpg,1280,720,hand,745,296,940,436
images/train/CARDS_LIVINGROOM_B_T_frame_2466.jpg,1280,720,hand,550,318,736,457
images/train/CARDS_LIVINGROOM_B_T_frame_2472.jpg,1280,720,hand,230,686,283,718
images/train/CARDS_LIVINGROOM_B_T_frame_2472.jpg,1280,720,hand,626,648,785,718
images/train/CARDS_LIVINGROOM_B_T_frame_2472.jpg,1280,720,hand,753,311,955,438
images/train/CARDS_LIVINGROOM_B_T_frame_2472.jpg,1280,720,hand,537,328,745,455
images/train/CARDS_LIVINGROOM_B_T_frame_2509.jpg,1280,720,hand,594,680,694,718
images/train/CARDS_LIVINGROOM_B_T_frame_2509.jpg,1280,720,hand,919,345,1122,477
images/train/CARDS_LIVINGROOM_B_T_frame_2509.jpg,1280,720,hand,586,449,868,712
images/train/CARDS_LIVINGROOM_B_T_frame_2521.jpg,1280,720,hand,601,684,698,718
images/train/CARDS_LIVINGROOM_B_T_frame_2521.jpg,1280,720,hand,734,322,946,447
images/train/CARDS_LIVINGROOM_B_T_frame_2521.jpg,1280,720,hand,518,330,717,462
images/train/CARDS_LIVINGROOM_B_T_frame_2565.jpg,1280,720,hand,654,544,997,718
images/train/CARDS_LIVINGROOM_B_T_frame_2565.jpg,1280,720,hand,675,307,931,430
images/train/CARDS_LIVINGROOM_B_T_frame_2565.jpg,1280,720,hand,508,271,696,430
images/train/CARDS_LIVINGROOM_B_T_frame_2585.jpg,1280,720,hand,205,678,281,716
images/train/CARDS_LIVINGROOM_B_T_frame_2585.jpg,1280,720,hand,546,587,855,718
images/train/CARDS_LIVINGROOM_B_T_frame_2585.jpg,1280,720,hand,705,288,948,428
images/train/CARDS_LIVINGROOM_B_T_frame_2585.jpg,1280,720,hand,503,290,705,436
images/train/CARDS_LIVINGROOM_B_T_frame_2590.jpg,1280,720,hand,228,684,285,718
images/train/CARDS_LIVINGROOM_B_T_frame_2590.jpg,1280,720,hand,544,595,859,718
images/train/CARDS_LIVINGROOM_B_T_frame_2590.jpg,1280,720,hand,709,296,967,430
images/train/CARDS_LIVINGROOM_B_T_frame_2590.jpg,1280,720,hand,525,313,717,462
images/train/CARDS_LIVINGROOM_B_T_frame_2591.jpg,1280,720,hand,213,686,283,718
images/train/CARDS_LIVINGROOM_B_T_frame_2591.jpg,1280,720,hand,546,589,864,718
images/train/CARDS_LIVINGROOM_B_T_frame_2591.jpg,1280,720,hand,709,309,955,430
images/train/CARDS_LIVINGROOM_B_T_frame_2591.jpg,1280,720,hand,512,322,715,457
images/train/CARDS_LIVINGROOM_B_T_frame_2605.jpg,1280,720,hand,550,631,772,718
images/train/CARDS_LIVINGROOM_B_T_frame_2605.jpg,1280,720,hand,698,337,914,472
images/train/CARDS_LIVINGROOM_B_T_frame_2605.jpg,1280,720,hand,501,343,688,485
images/train/CARDS_LIVINGROOM_B_T_frame_2620.jpg,1280,720,hand,565,642,764,718
images/train/CARDS_LIVINGROOM_B_T_frame_2620.jpg,1280,720,hand,722,332,942,472
images/train/CARDS_LIVINGROOM_B_T_frame_2620.jpg,1280,720,hand,459,279,690,428
images/train/CARDS_OFFICE_S_B_frame_0008.jpg,1280,720,hand,261,634,493,714
images/train/CARDS_OFFICE_S_B_frame_0008.jpg,1280,720,hand,573,646,741,718
images/train/CARDS_OFFICE_S_B_frame_0008.jpg,1280,720,hand,588,124,765,219
images/train/CARDS_OFFICE_S_B_frame_0008.jpg,1280,720,hand,460,123,569,223
images/train/CARDS_OFFICE_S_B_frame_0016.jpg,1280,720,hand,267,629,478,718
images/train/CARDS_OFFICE_S_B_frame_0016.jpg,1280,720,hand,594,643,765,718
images/train/CARDS_OFFICE_S_B_frame_0016.jpg,1280,720,hand,597,131,762,219
images/train/CARDS_OFFICE_S_B_frame_0016.jpg,1280,720,hand,474,120,587,226
images/train/CARDS_OFFICE_S_B_frame_0033.jpg,1280,720,hand,267,625,481,718
images/train/CARDS_OFFICE_S_B_frame_0033.jpg,1280,720,hand,575,650,746,718
images/train/CARDS_OFFICE_S_B_frame_0033.jpg,1280,720,hand,601,120,765,217
images/train/CARDS_OFFICE_S_B_frame_0033.jpg,1280,720,hand,469,117,596,221
images/train/CARDS_OFFICE_S_B_frame_0044.jpg,1280,720,hand,266,607,461,717
images/train/CARDS_OFFICE_S_B_frame_0044.jpg,1280,720,hand,514,650,716,718
images/train/CARDS_OFFICE_S_B_frame_0044.jpg,1280,720,hand,592,127,748,231
images/train/CARDS_OFFICE_S_B_frame_0044.jpg,1280,720,hand,465,128,588,231
images/train/CARDS_OFFICE_S_B_frame_0057.jpg,1280,720,hand,177,607,437,714
images/train/CARDS_OFFICE_S_B_frame_0057.jpg,1280,720,hand,490,700,535,718
images/train/CARDS_OFFICE_S_B_frame_0057.jpg,1280,720,hand,556,171,705,274
images/train/CARDS_OFFICE_S_B_frame_0057.jpg,1280,720,hand,427,177,546,284
images/train/CARDS_OFFICE_S_B_frame_0101.jpg,1280,720,hand,299,632,406,718
images/train/CARDS_OFFICE_S_B_frame_0101.jpg,1280,720,hand,493,256,654,369
images/train/CARDS_OFFICE_S_B_frame_0101.jpg,1280,720,hand,360,278,485,378
images/train/CARDS_OFFICE_S_B_frame_0125.jpg,1280,720,hand,626,284,771,373
images/train/CARDS_OFFICE_S_B_frame_0125.jpg,1280,720,hand,517,241,639,362
images/train/CARDS_OFFICE_S_B_frame_0150.jpg,1280,720,hand,567,320,729,415
images/train/CARDS_OFFICE_S_B_frame_0150.jpg,1280,720,hand,404,307,514,412
images/train/CARDS_OFFICE_S_B_frame_0153.jpg,1280,720,hand,580,318,736,408
images/train/CARDS_OFFICE_S_B_frame_0153.jpg,1280,720,hand,444,296,569,398
images/train/CARDS_OFFICE_S_B_frame_0197.jpg,1280,720,hand,550,221,720,320
images/train/CARDS_OFFICE_S_B_frame_0197.jpg,1280,720,hand,428,217,546,321
images/train/CARDS_OFFICE_S_B_frame_0228.jpg,1280,720,hand,192,636,411,718
images/train/CARDS_OFFICE_S_B_frame_0228.jpg,1280,720,hand,536,217,711,312
images/train/CARDS_OFFICE_S_B_frame_0228.jpg,1280,720,hand,427,219,536,318
images/train/CARDS_OFFICE_S_B_frame_0258.jpg,1280,720,hand,245,431,473,671
images/train/CARDS_OFFICE_S_B_frame_0258.jpg,1280,720,hand,482,272,642,380
images/train/CARDS_OFFICE_S_B_frame_0258.jpg,1280,720,hand,344,287,444,392
images/train/CARDS_OFFICE_S_B_frame_0277.jpg,1280,720,hand,613,299,758,384
images/train/CARDS_OFFICE_S_B_frame_0277.jpg,1280,720,hand,494,296,605,375
images/train/CARDS_OFFICE_S_B_frame_0278.jpg,1280,720,hand,617,293,755,378
images/train/CARDS_OFFICE_S_B_frame_0278.jpg,1280,720,hand,498,295,606,382
images/train/CARDS_OFFICE_S_B_frame_0292.jpg,1280,720,hand,254,665,382,718
images/train/CARDS_OFFICE_S_B_frame_0292.jpg,1280,720,hand,618,272,752,354
images/train/CARDS_OFFICE_S_B_frame_0292.jpg,1280,720,hand,496,256,604,366
images/train/CARDS_OFFICE_S_B_frame_0349.jpg,1280,720,hand,189,370,418,702
images/train/CARDS_OFFICE_S_B_frame_0349.jpg,1280,720,hand,610,399,847,718
images/train/CARDS_OFFICE_S_B_frame_0349.jpg,1280,720,hand,604,2,771,44
images/train/CARDS_OFFICE_S_B_frame_0349.jpg,1280,720,hand,498,3,620,47
images/train/CARDS_OFFICE_S_B_frame_0386.jpg,1280,720,hand,176,375,382,652
images/train/CARDS_OFFICE_S_B_frame_0386.jpg,1280,720,hand,496,225,654,329
images/train/CARDS_OFFICE_S_B_frame_0386.jpg,1280,720,hand,361,234,486,321
images/train/CARDS_OFFICE_S_B_frame_0396.jpg,1280,720,hand,265,440,460,717
images/train/CARDS_OFFICE_S_B_frame_0396.jpg,1280,720,hand,461,241,650,346
images/train/CARDS_OFFICE_S_B_frame_0396.jpg,1280,720,hand,346,250,466,359
images/train/CARDS_OFFICE_S_B_frame_0449.jpg,1280,720,hand,253,673,423,716
images/train/CARDS_OFFICE_S_B_frame_0449.jpg,1280,720,hand,614,667,675,717
images/train/CARDS_OFFICE_S_B_frame_0449.jpg,1280,720,hand,559,221,726,328
images/train/CARDS_OFFICE_S_B_frame_0449.jpg,1280,720,hand,433,217,560,317
images/train/CARDS_OFFICE_S_B_frame_0465.jpg,1280,720,hand,315,696,488,717
images/train/CARDS_OFFICE_S_B_frame_0465.jpg,1280,720,hand,569,225,730,320
images/train/CARDS_OFFICE_S_B_frame_0465.jpg,1280,720,hand,441,210,559,313
images/train/CARDS_OFFICE_S_B_frame_0512.jpg,1280,720,hand,251,695,402,717
images/train/CARDS_OFFICE_S_B_frame_0512.jpg,1280,720,hand,521,250,680,358
images/train/CARDS_OFFICE_S_B_frame_0512.jpg,1280,720,hand,391,260,521,371
images/train/CARDS_OFFICE_S_B_frame_0515.jpg,1280,720,hand,158,673,353,714
images/train/CARDS_OFFICE_S_B_frame_0515.jpg,1280,720,hand,506,263,664,373
images/train/CARDS_OFFICE_S_B_frame_0515.jpg,1280,720,hand,362,275,499,383
images/train/CARDS_OFFICE_S_B_frame_0532.jpg,1280,720,hand,246,478,461,717
images/train/CARDS_OFFICE_S_B_frame_0532.jpg,1280,720,hand,521,275,688,390
images/train/CARDS_OFFICE_S_B_frame_0532.jpg,1280,720,hand,382,283,518,395
images/train/CARDS_OFFICE_S_B_frame_0612.jpg,1280,720,hand,181,537,468,713
images/train/CARDS_OFFICE_S_B_frame_0612.jpg,1280,720,hand,625,677,680,716
images/train/CARDS_OFFICE_S_B_frame_0612.jpg,1280,720,hand,614,222,757,320
images/train/CARDS_OFFICE_S_B_frame_0612.jpg,1280,720,hand,468,216,592,320
images/train/CARDS_OFFICE_S_B_frame_0640.jpg,1280,720,hand,345,692,440,718
images/train/CARDS_OFFICE_S_B_frame_0640.jpg,1280,720,hand,594,234,750,333
images/train/CARDS_OFFICE_S_B_frame_0640.jpg,1280,720,hand,432,226,559,351
images/train/CARDS_OFFICE_S_B_frame_0649.jpg,1280,720,hand,346,700,428,718
images/train/CARDS_OFFICE_S_B_frame_0649.jpg,1280,720,hand,580,226,755,326
images/train/CARDS_OFFICE_S_B_frame_0649.jpg,1280,720,hand,548,328,737,503
images/train/CARDS_OFFICE_S_B_frame_0651.jpg,1280,720,hand,353,700,424,718
images/train/CARDS_OFFICE_S_B_frame_0651.jpg,1280,720,hand,580,234,749,329
images/train/CARDS_OFFICE_S_B_frame_0651.jpg,1280,720,hand,535,326,733,506
images/train/CARDS_OFFICE_S_B_frame_0681.jpg,1280,720,hand,593,258,745,359
images/train/CARDS_OFFICE_S_B_frame_0681.jpg,1280,720,hand,424,241,546,345
images/train/CARDS_OFFICE_S_B_frame_0700.jpg,1280,720,hand,610,267,750,367
images/train/CARDS_OFFICE_S_B_frame_0700.jpg,1280,720,hand,530,346,729,515
images/train/CARDS_OFFICE_S_B_frame_0750.jpg,1280,720,hand,606,332,742,439
images/train/CARDS_OFFICE_S_B_frame_0750.jpg,1280,720,hand,398,394,532,524
images/train/CARDS_OFFICE_S_B_frame_0788.jpg,1280,720,hand,468,322,645,439
images/train/CARDS_OFFICE_S_B_frame_0788.jpg,1280,720,hand,340,326,490,441
images/train/CARDS_OFFICE_S_B_frame_0800.jpg,1280,720,hand,635,299,792,419
images/train/CARDS_OFFICE_S_B_frame_0800.jpg,1280,720,hand,511,299,642,413
images/train/CARDS_OFFICE_S_B_frame_0801.jpg,1280,720,hand,659,300,791,408
images/train/CARDS_OFFICE_S_B_frame_0801.jpg,1280,720,hand,510,300,641,412
images/train/CARDS_OFFICE_S_B_frame_0821.jpg,1280,720,hand,535,237,664,386
images/train/CARDS_OFFICE_S_B_frame_0821.jpg,1280,720,hand,379,243,517,376
images/train/CARDS_OFFICE_S_B_frame_0863.jpg,1280,720,hand,216,563,468,718
images/train/CARDS_OFFICE_S_B_frame_0863.jpg,1280,720,hand,605,263,757,382
images/train/CARDS_OFFICE_S_B_frame_0863.jpg,1280,720,hand,465,272,606,386
images/train/CARDS_OFFICE_S_B_frame_0906.jpg,1280,720,hand,208,535,435,712
images/train/CARDS_OFFICE_S_B_frame_0906.jpg,1280,720,hand,658,259,792,375
images/train/CARDS_OFFICE_S_B_frame_0906.jpg,1280,720,hand,511,258,655,374
images/train/CARDS_OFFICE_S_B_frame_0915.jpg,1280,720,hand,299,442,498,712
images/train/CARDS_OFFICE_S_B_frame_0915.jpg,1280,720,hand,593,289,733,403
images/train/CARDS_OFFICE_S_B_frame_0915.jpg,1280,720,hand,449,291,591,412
images/train/CARDS_OFFICE_S_B_frame_0929.jpg,1280,720,hand,598,280,728,395
images/train/CARDS_OFFICE_S_B_frame_0929.jpg,1280,720,hand,443,291,587,407
images/train/CARDS_OFFICE_S_B_frame_0953.jpg,1280,720,hand,610,241,741,350
images/train/CARDS_OFFICE_S_B_frame_0953.jpg,1280,720,hand,513,330,716,493
images/train/CARDS_OFFICE_S_B_frame_0969.jpg,1280,720,hand,683,235,762,350
images/train/CARDS_OFFICE_S_B_frame_0969.jpg,1280,720,hand,507,239,655,374
images/train/CARDS_OFFICE_S_B_frame_0985.jpg,1280,720,hand,637,239,767,369
images/train/CARDS_OFFICE_S_B_frame_0985.jpg,1280,720,hand,481,252,596,359
images/train/CARDS_OFFICE_S_B_frame_1035.jpg,1280,720,hand,662,278,759,374
images/train/CARDS_OFFICE_S_B_frame_1035.jpg,1280,720,hand,488,317,689,437
images/train/CARDS_OFFICE_S_B_frame_1100.jpg,1280,720,hand,656,276,767,403
images/train/CARDS_OFFICE_S_B_frame_1100.jpg,1280,720,hand,387,281,514,416
images/train/CARDS_OFFICE_S_B_frame_1128.jpg,1280,720,hand,597,271,738,394
images/train/CARDS_OFFICE_S_B_frame_1128.jpg,1280,720,hand,449,278,597,404
images/train/CARDS_OFFICE_S_B_frame_1129.jpg,1280,720,hand,594,275,734,395
images/train/CARDS_OFFICE_S_B_frame_1129.jpg,1280,720,hand,451,279,602,399
images/train/CARDS_OFFICE_S_B_frame_1183.jpg,1280,720,hand,514,328,668,456
images/train/CARDS_OFFICE_S_B_frame_1183.jpg,1280,720,hand,390,351,526,474
images/train/CARDS_OFFICE_S_B_frame_1278.jpg,1280,720,hand,133,551,420,717
images/train/CARDS_OFFICE_S_B_frame_1278.jpg,1280,720,hand,370,313,486,477
images/train/CARDS_OFFICE_S_B_frame_1278.jpg,1280,720,hand,187,361,341,489
images/train/CARDS_OFFICE_S_B_frame_1382.jpg,1280,720,hand,622,305,753,432
images/train/CARDS_OFFICE_S_B_frame_1382.jpg,1280,720,hand,472,308,606,427
images/train/CARDS_OFFICE_S_B_frame_1501.jpg,1280,720,hand,624,346,745,458
images/train/CARDS_OFFICE_S_B_frame_1501.jpg,1280,720,hand,361,350,510,482
images/train/CARDS_OFFICE_S_B_frame_1503.jpg,1280,720,hand,621,337,746,462
images/train/CARDS_OFFICE_S_B_frame_1503.jpg,1280,720,hand,356,341,489,464
images/train/CARDS_OFFICE_S_B_frame_1520.jpg,1280,720,hand,600,357,726,472
images/train/CARDS_OFFICE_S_B_frame_1520.jpg,1280,720,hand,357,342,490,475
images/train/CARDS_OFFICE_S_B_frame_1522.jpg,1280,720,hand,606,355,733,485
images/train/CARDS_OFFICE_S_B_frame_1522.jpg,1280,720,hand,331,376,460,528
images/train/CARDS_OFFICE_S_B_frame_1543.jpg,1280,720,hand,561,304,704,406
images/train/CARDS_OFFICE_S_B_frame_1543.jpg,1280,720,hand,410,304,525,413
images/train/CARDS_OFFICE_S_B_frame_1553.jpg,1280,720,hand,544,300,695,409
images/train/CARDS_OFFICE_S_B_frame_1553.jpg,1280,720,hand,389,309,534,421
images/train/CARDS_OFFICE_S_B_frame_1608.jpg,1280,720,hand,288,564,492,717
images/train/CARDS_OFFICE_S_B_frame_1608.jpg,1280,720,hand,564,373,736,481
images/train/CARDS_OFFICE_S_B_frame_1608.jpg,1280,720,hand,418,375,551,470
images/train/CARDS_OFFICE_S_B_frame_1618.jpg,1280,720,hand,610,336,784,440
images/train/CARDS_OFFICE_S_B_frame_1618.jpg,1280,720,hand,464,328,584,442
images/train/CARDS_OFFICE_S_B_frame_1695.jpg,1280,720,hand,234,382,530,697
images/train/CARDS_OFFICE_S_B_frame_1695.jpg,1280,720,hand,564,433,800,716
images/train/CARDS_OFFICE_S_B_frame_1695.jpg,1280,720,hand,601,6,771,105
images/train/CARDS_OFFICE_S_B_frame_1695.jpg,1280,720,hand,461,2,579,118
images/train/CARDS_OFFICE_S_B_frame_1793.jpg,1280,720,hand,232,519,527,716
images/train/CARDS_OFFICE_S_B_frame_1793.jpg,1280,720,hand,600,665,759,718
images/train/CARDS_OFFICE_S_B_frame_1793.jpg,1280,720,hand,378,280,546,395
images/train/CARDS_OFFICE_S_B_frame_1793.jpg,1280,720,hand,237,299,377,415
images/train/CARDS_OFFICE_S_B_frame_1818.jpg,1280,720,hand,278,556,522,716
images/train/CARDS_OFFICE_S_B_frame_1818.jpg,1280,720,hand,441,308,635,436
images/train/CARDS_OFFICE_S_B_frame_1818.jpg,1280,720,hand,315,330,456,444
images/train/CARDS_OFFICE_S_B_frame_1821.jpg,1280,720,hand,282,580,527,716
images/train/CARDS_OFFICE_S_B_frame_1821.jpg,1280,720,hand,453,312,650,435
images/train/CARDS_OFFICE_S_B_frame_1821.jpg,1280,720,hand,325,332,465,446
images/train/CARDS_OFFICE_S_B_frame_1861.jpg,1280,720,hand,620,334,794,452
images/train/CARDS_OFFICE_S_B_frame_1861.jpg,1280,720,hand,465,299,572,453
images/train/CARDS_OFFICE_S_B_frame_1945.jpg,1280,720,hand,323,415,587,704
images/train/CARDS_OFFICE_S_B_frame_1945.jpg,1280,720,hand,594,456,850,714
images/train/CARDS_OFFICE_S_B_frame_1945.jpg,1280,720,hand,650,8,808,119
images/train/CARDS_OFFICE_S_B_frame_1945.jpg,1280,720,hand,439,15,625,157
images/train/CARDS_OFFICE_S_B_frame_1966.jpg,1280,720,hand,250,442,575,716
images/train/CARDS_OFFICE_S_B_frame_1966.jpg,1280,720,hand,564,483,836,716
images/train/CARDS_OFFICE_S_B_frame_1966.jpg,1280,720,hand,650,4,803,76
images/train/CARDS_OFFICE_S_B_frame_2020.jpg,1280,720,hand,567,258,728,371
images/train/CARDS_OFFICE_S_B_frame_2020.jpg,1280,720,hand,423,264,550,384
images/train/CARDS_OFFICE_S_B_frame_2042.jpg,1280,720,hand,556,283,725,390
images/train/CARDS_OFFICE_S_B_frame_2042.jpg,1280,720,hand,414,304,551,411
images/train/CARDS_OFFICE_S_B_frame_2084.jpg,1280,720,hand,493,371,660,486
images/train/CARDS_OFFICE_S_B_frame_2084.jpg,1280,720,hand,341,403,477,514
images/train/CARDS_OFFICE_S_B_frame_2099.jpg,1280,720,hand,183,586,371,716
images/train/CARDS_OFFICE_S_B_frame_2099.jpg,1280,720,hand,503,402,659,519
images/train/CARDS_OFFICE_S_B_frame_2099.jpg,1280,720,hand,354,432,485,524
images/train/CARDS_OFFICE_S_B_frame_2112.jpg,1280,720,hand,212,635,397,718
images/train/CARDS_OFFICE_S_B_frame_2112.jpg,1280,720,hand,485,369,658,491
images/train/CARDS_OFFICE_S_B_frame_2112.jpg,1280,720,hand,348,403,478,508
images/train/CARDS_OFFICE_S_B_frame_2117.jpg,1280,720,hand,497,374,660,494
images/train/CARDS_OFFICE_S_B_frame_2117.jpg,1280,720,hand,340,420,480,516
images/train/CARDS_OFFICE_S_B_frame_2143.jpg,1280,720,hand,341,605,576,718
images/train/CARDS_OFFICE_S_B_frame_2143.jpg,1280,720,hand,608,640,792,718
images/train/CARDS_OFFICE_S_B_frame_2143.jpg,1280,720,hand,612,165,777,264
images/train/CARDS_OFFICE_S_B_frame_2143.jpg,1280,720,hand,447,157,591,274
images/train/CARDS_OFFICE_S_B_frame_2145.jpg,1280,720,hand,350,601,583,717
images/train/CARDS_OFFICE_S_B_frame_2145.jpg,1280,720,hand,606,638,795,717
images/train/CARDS_OFFICE_S_B_frame_2145.jpg,1280,720,hand,604,167,788,258
images/train/CARDS_OFFICE_S_B_frame_2145.jpg,1280,720,hand,437,160,581,279
images/train/CARDS_OFFICE_S_B_frame_2167.jpg,1280,720,hand,365,659,548,718
images/train/CARDS_OFFICE_S_B_frame_2167.jpg,1280,720,hand,1033,563,1264,708
images/train/CARDS_OFFICE_S_B_frame_2167.jpg,1280,720,hand,621,214,749,324
images/train/CARDS_OFFICE_S_B_frame_2167.jpg,1280,720,hand,342,134,470,255
images/train/CARDS_OFFICE_S_B_frame_2169.jpg,1280,720,hand,378,668,548,718
images/train/CARDS_OFFICE_S_B_frame_2169.jpg,1280,720,hand,618,212,744,337
images/train/CARDS_OFFICE_S_B_frame_2169.jpg,1280,720,hand,345,159,478,266
images/train/CARDS_OFFICE_S_B_frame_2241.jpg,1280,720,hand,530,295,700,403
images/train/CARDS_OFFICE_S_B_frame_2241.jpg,1280,720,hand,410,309,534,413
images/train/CARDS_OFFICE_S_B_frame_2328.jpg,1280,720,hand,589,314,742,413
images/train/CARDS_OFFICE_S_B_frame_2328.jpg,1280,720,hand,497,390,697,602
images/train/CARDS_OFFICE_S_B_frame_2378.jpg,1280,720,hand,589,311,738,406
images/train/CARDS_OFFICE_S_B_frame_2378.jpg,1280,720,hand,432,334,605,470
images/train/CARDS_OFFICE_S_B_frame_2414.jpg,1280,720,hand,592,314,737,432
images/train/CARDS_OFFICE_S_B_frame_2414.jpg,1280,720,hand,453,380,651,506
images/train/CARDS_OFFICE_S_B_frame_2440.jpg,1280,720,hand,598,351,761,457
images/train/CARDS_OFFICE_S_B_frame_2440.jpg,1280,720,hand,308,409,433,544
images/train/CARDS_OFFICE_S_B_frame_2461.jpg,1280,720,hand,588,320,742,432
images/train/CARDS_OFFICE_S_B_frame_2461.jpg,1280,720,hand,453,322,589,441
images/train/CARDS_OFFICE_S_B_frame_2463.jpg,1280,720,hand,591,322,736,439
images/train/CARDS_OFFICE_S_B_frame_2463.jpg,1280,720,hand,451,316,598,445
images/train/CARDS_OFFICE_S_B_frame_2478.jpg,1280,720,hand,250,573,536,718
images/train/CARDS_OFFICE_S_B_frame_2478.jpg,1280,720,hand,430,340,588,464
images/train/CARDS_OFFICE_S_B_frame_2478.jpg,1280,720,hand,271,350,407,482
images/train/CARDS_OFFICE_S_B_frame_2485.jpg,1280,720,hand,220,526,464,717
images/train/CARDS_OFFICE_S_B_frame_2485.jpg,1280,720,hand,431,357,591,474
images/train/CARDS_OFFICE_S_B_frame_2485.jpg,1280,720,hand,271,378,394,501
images/train/CARDS_OFFICE_S_B_frame_2495.jpg,1280,720,hand,514,350,676,473
images/train/CARDS_OFFICE_S_B_frame_2495.jpg,1280,720,hand,387,366,511,493
images/train/CARDS_OFFICE_S_B_frame_2506.jpg,1280,720,hand,535,362,699,474
images/train/CARDS_OFFICE_S_B_frame_2506.jpg,1280,720,hand,403,379,530,499
images/train/CARDS_OFFICE_S_B_frame_2517.jpg,1280,720,hand,604,337,755,442
images/train/CARDS_OFFICE_S_B_frame_2517.jpg,1280,720,hand,476,337,596,452
images/train/CARDS_OFFICE_S_B_frame_2622.jpg,1280,720,hand,679,309,832,421
images/train/CARDS_OFFICE_S_B_frame_2622.jpg,1280,720,hand,567,296,679,417
images/train/CARDS_OFFICE_S_B_frame_2668.jpg,1280,720,hand,559,491,676,589
images/train/CARDS_OFFICE_S_B_frame_2668.jpg,1280,720,hand,423,493,534,596
images/train/CARDS_OFFICE_S_B_frame_2670.jpg,1280,720,hand,559,490,672,585
images/train/CARDS_OFFICE_S_B_frame_2670.jpg,1280,720,hand,426,498,538,589
images/train/CARDS_OFFICE_S_B_frame_2698.jpg,1280,720,hand,507,412,604,473
images/train/CARDS_OFFICE_S_B_frame_2698.jpg,1280,720,hand,414,413,505,494
images/train/CHESS_COURTYARD_B_T_frame_0003.jpg,1280,720,hand,664,391,804,497
images/train/CHESS_COURTYARD_B_T_frame_0003.jpg,1280,720,hand,518,403,645,501
images/train/CHESS_COURTYARD_B_T_frame_0094.jpg,1280,720,hand,629,351,773,449
images/train/CHESS_COURTYARD_B_T_frame_0094.jpg,1280,720,hand,424,355,572,450
images/train/CHESS_COURTYARD_B_T_frame_0099.jpg,1280,720,hand,786,578,1067,718
images/train/CHESS_COURTYARD_B_T_frame_0099.jpg,1280,720,hand,633,341,769,449
images/train/CHESS_COURTYARD_B_T_frame_0099.jpg,1280,720,hand,415,347,564,448
images/train/CHESS_COURTYARD_B_T_frame_0107.jpg,1280,720,hand,792,569,1103,717
images/train/CHESS_COURTYARD_B_T_frame_0107.jpg,1280,720,hand,651,346,790,452
images/train/CHESS_COURTYARD_B_T_frame_0107.jpg,1280,720,hand,430,351,581,449
images/train/CHESS_COURTYARD_B_T_frame_0108.jpg,1280,720,hand,791,560,1104,718
images/train/CHESS_COURTYARD_B_T_frame_0108.jpg,1280,720,hand,647,347,791,453
images/train/CHESS_COURTYARD_B_T_frame_0108.jpg,1280,720,hand,431,347,589,439
images/train/CHESS_COURTYARD_B_T_frame_0150.jpg,1280,720,hand,641,321,773,432
images/train/CHESS_COURTYARD_B_T_frame_0150.jpg,1280,720,hand,518,338,717,503
images/train/CHESS_COURTYARD_B_T_frame_0197.jpg,1280,720,hand,576,475,911,709
images/train/CHESS_COURTYARD_B_T_frame_0197.jpg,1280,720,hand,724,344,873,448
images/train/CHESS_COURTYARD_B_T_frame_0197.jpg,1280,720,hand,580,326,715,423
images/train/CHESS_COURTYARD_B_T_frame_0228.jpg,1280,720,hand,664,507,1009,718
images/train/CHESS_COURTYARD_B_T_frame_0228.jpg,1280,720,hand,821,358,964,470
images/train/CHESS_COURTYARD_B_T_frame_0228.jpg,1280,720,hand,671,334,817,435
images/train/CHESS_COURTYARD_B_T_frame_0259.jpg,1280,720,hand,713,314,807,424
images/train/CHESS_COURTYARD_B_T_frame_0259.jpg,1280,720,hand,571,305,748,456
images/train/CHESS_COURTYARD_B_T_frame_0262.jpg,1280,720,hand,716,314,804,428
images/train/CHESS_COURTYARD_B_T_frame_0262.jpg,1280,720,hand,552,281,736,440
images/train/CHESS_COURTYARD_B_T_frame_0313.jpg,1280,720,hand,787,601,1047,716
images/train/CHESS_COURTYARD_B_T_frame_0313.jpg,1280,720,hand,637,329,766,435
images/train/CHESS_COURTYARD_B_T_frame_0313.jpg,1280,720,hand,494,332,643,429
images/train/CHESS_COURTYARD_B_T_frame_0373.jpg,1280,720,hand,726,321,878,506
images/train/CHESS_COURTYARD_B_T_frame_0373.jpg,1280,720,hand,493,328,654,428
images/train/CHESS_COURTYARD_B_T_frame_0413.jpg,1280,720,hand,729,563,986,718
images/train/CHESS_COURTYARD_B_T_frame_0413.jpg,1280,720,hand,655,340,804,444
images/train/CHESS_COURTYARD_B_T_frame_0413.jpg,1280,720,hand,498,337,656,442
images/train/CHESS_COURTYARD_B_T_frame_0429.jpg,1280,720,hand,671,357,819,464
images/train/CHESS_COURTYARD_B_T_frame_0429.jpg,1280,720,hand,510,349,668,457
images/train/CHESS_COURTYARD_B_T_frame_0446.jpg,1280,720,hand,647,366,792,472
images/train/CHESS_COURTYARD_B_T_frame_0446.jpg,1280,720,hand,482,330,641,437
images/train/CHESS_COURTYARD_B_T_frame_0556.jpg,1280,720,hand,707,354,860,461
images/train/CHESS_COURTYARD_B_T_frame_0556.jpg,1280,720,hand,552,349,700,453
images/train/CHESS_COURTYARD_B_T_frame_0559.jpg,1280,720,hand,750,353,905,458
images/train/CHESS_COURTYARD_B_T_frame_0559.jpg,1280,720,hand,601,346,748,445
images/train/CHESS_COURTYARD_B_T_frame_0566.jpg,1280,720,hand,761,354,912,460
images/train/CHESS_COURTYARD_B_T_frame_0566.jpg,1280,720,hand,605,349,753,452
images/train/CHESS_COURTYARD_B_T_frame_0630.jpg,1280,720,hand,728,332,877,437
images/train/CHESS_COURTYARD_B_T_frame_0630.jpg,1280,720,hand,464,322,638,527
images/train/CHESS_COURTYARD_B_T_frame_0663.jpg,1280,720,hand,719,351,864,458
images/train/CHESS_COURTYARD_B_T_frame_0663.jpg,1280,720,hand,573,332,730,440
images/train/CHESS_COURTYARD_B_T_frame_0678.jpg,1280,720,hand,715,334,857,441
images/train/CHESS_COURTYARD_B_T_frame_0678.jpg,1280,720,hand,565,318,728,425
images/train/CHESS_COURTYARD_B_T_frame_0679.jpg,1280,720,hand,716,336,868,442
images/train/CHESS_COURTYARD_B_T_frame_0679.jpg,1280,720,hand,571,318,730,428
images/train/CHESS_COURTYARD_B_T_frame_0692.jpg,1280,720,hand,766,330,924,441
images/train/CHESS_COURTYARD_B_T_frame_0692.jpg,1280,720,hand,621,311,783,421
images/train/CHESS_COURTYARD_B_T_frame_0704.jpg,1280,720,hand,782,330,931,437
images/train/CHESS_COURTYARD_B_T_frame_0704.jpg,1280,720,hand,629,313,794,421
images/train/CHESS_COURTYARD_B_T_frame_0753.jpg,1280,720,hand,708,309,850,417
images/train/CHESS_COURTYARD_B_T_frame_0753.jpg,1280,720,hand,526,248,683,359
images/train/CHESS_COURTYARD_B_T_frame_0774.jpg,1280,720,hand,730,314,876,421
images/train/CHESS_COURTYARD_B_T_frame_0774.jpg,1280,720,hand,416,284,594,464
images/train/CHESS_COURTYARD_B_T_frame_0776.jpg,1280,720,hand,737,305,883,415
images/train/CHESS_COURTYARD_B_T_frame_0776.jpg,1280,720,hand,426,287,596,475
images/train/CHESS_COURTYARD_B_T_frame_0803.jpg,1280,720,hand,744,314,890,417
images/train/CHESS_COURTYARD_B_T_frame_0803.jpg,1280,720,hand,610,278,770,391
images/train/CHESS_COURTYARD_B_T_frame_0813.jpg,1280,720,hand,253,644,477,718
images/train/CHESS_COURTYARD_B_T_frame_0813.jpg,1280,720,hand,736,314,889,417
images/train/CHESS_COURTYARD_B_T_frame_0813.jpg,1280,720,hand,591,296,754,406
images/train/CHESS_COURTYARD_B_T_frame_0939.jpg,1280,720,hand,721,379,850,485
images/train/CHESS_COURTYARD_B_T_frame_0939.jpg,1280,720,hand,526,371,695,469
images/train/CHESS_COURTYARD_B_T_frame_0975.jpg,1280,720,hand,525,474,862,714
images/train/CHESS_COURTYARD_B_T_frame_0975.jpg,1280,720,hand,787,341,934,454
images/train/CHESS_COURTYARD_B_T_frame_0975.jpg,1280,720,hand,594,336,765,440
images/train/CHESS_COURTYARD_B_T_frame_0977.jpg,1280,720,hand,513,445,804,656
images/train/CHESS_COURTYARD_B_T_frame_0977.jpg,1280,720,hand,788,342,935,450
images/train/CHESS_COURTYARD_B_T_frame_0977.jpg,1280,720,hand,602,333,778,439
images/train/CHESS_COURTYARD_B_T_frame_1017.jpg,1280,720,hand,686,428,977,611
images/train/CHESS_COURTYARD_B_T_frame_1017.jpg,1280,720,hand,699,332,832,428
images/train/CHESS_COURTYARD_B_T_frame_1017.jpg,1280,720,hand,509,320,678,423
images/train/CHESS_COURTYARD_B_T_frame_1035.jpg,1280,720,hand,748,388,1145,651
images/train/CHESS_COURTYARD_B_T_frame_1035.jpg,1280,720,hand,674,325,810,425
images/train/CHESS_COURTYARD_B_T_frame_1035.jpg,1280,720,hand,484,318,655,421
images/train/CHESS_COURTYARD_B_T_frame_1038.jpg,1280,720,hand,771,638,1031,718
images/train/CHESS_COURTYARD_B_T_frame_1038.jpg,1280,720,hand,680,341,819,449
images/train/CHESS_COURTYARD_B_T_frame_1038.jpg,1280,720,hand,485,328,655,432
images/train/CHESS_COURTYARD_B_T_frame_1039.jpg,1280,720,hand,682,346,819,452
images/train/CHESS_COURTYARD_B_T_frame_1039.jpg,1280,720,hand,489,330,659,436
images/train/CHESS_COURTYARD_B_T_frame_1077.jpg,1280,720,hand,668,314,816,421
images/train/CHESS_COURTYARD_B_T_frame_1077.jpg,1280,720,hand,493,312,655,415
images/train/CHESS_COURTYARD_B_T_frame_1082.jpg,1280,720,hand,678,313,819,424
images/train/CHESS_COURTYARD_B_T_frame_1082.jpg,1280,720,hand,456,223,643,333
images/train/CHESS_COURTYARD_B_T_frame_1091.jpg,1280,720,hand,674,309,821,420
images/train/CHESS_COURTYARD_B_T_frame_1091.jpg,1280,720,hand,431,264,653,446
images/train/CHESS_COURTYARD_B_T_frame_1110.jpg,1280,720,hand,668,316,819,416
images/train/CHESS_COURTYARD_B_T_frame_1110.jpg,1280,720,hand,482,312,683,507
images/train/CHESS_COURTYARD_B_T_frame_1138.jpg,1280,720,hand,658,316,802,424
images/train/CHESS_COURTYARD_B_T_frame_1138.jpg,1280,720,hand,507,139,658,256
images/train/CHESS_COURTYARD_B_T_frame_1274.jpg,1280,720,hand,700,300,831,407
images/train/CHESS_COURTYARD_B_T_frame_1274.jpg,1280,720,hand,472,321,641,428
images/train/CHESS_COURTYARD_B_T_frame_1275.jpg,1280,720,hand,697,300,831,409
images/train/CHESS_COURTYARD_B_T_frame_1275.jpg,1280,720,hand,473,321,638,427
images/train/CHESS_COURTYARD_B_T_frame_1286.jpg,1280,720,hand,693,256,825,371
images/train/CHESS_COURTYARD_B_T_frame_1286.jpg,1280,720,hand,473,311,638,416
images/train/CHESS_COURTYARD_B_T_frame_1330.jpg,1280,720,hand,704,332,862,485
images/train/CHESS_COURTYARD_B_T_frame_1330.jpg,1280,720,hand,486,309,659,415
images/train/CHESS_COURTYARD_B_T_frame_1350.jpg,1280,720,hand,647,329,796,431
images/train/CHESS_COURTYARD_B_T_frame_1350.jpg,1280,720,hand,485,328,638,432
images/train/CHESS_COURTYARD_B_T_frame_1361.jpg,1280,720,hand,672,325,823,433
images/train/CHESS_COURTYARD_B_T_frame_1361.jpg,1280,720,hand,511,324,660,428
images/train/CHESS_COURTYARD_B_T_frame_1362.jpg,1280,720,hand,678,325,833,432
images/train/CHESS_COURTYARD_B_T_frame_1362.jpg,1280,720,hand,515,324,667,435
images/train/CHESS_COURTYARD_B_T_frame_1398.jpg,1280,720,hand,730,316,891,421
images/train/CHESS_COURTYARD_B_T_frame_1398.jpg,1280,720,hand,565,312,721,415
images/train/CHESS_COURTYARD_B_T_frame_1475.jpg,1280,720,hand,758,504,1116,718
images/train/CHESS_COURTYARD_B_T_frame_1475.jpg,1280,720,hand,630,307,779,403
images/train/CHESS_COURTYARD_B_T_frame_1475.jpg,1280,720,hand,459,297,622,395
images/train/CHESS_COURTYARD_B_T_frame_1567.jpg,1280,720,hand,638,316,786,423
images/train/CHESS_COURTYARD_B_T_frame_1567.jpg,1280,720,hand,481,316,634,420
images/train/CHESS_COURTYARD_B_T_frame_1571.jpg,1280,720,hand,639,311,791,420
images/train/CHESS_COURTYARD_B_T_frame_1571.jpg,1280,720,hand,469,313,629,420
images/train/CHESS_COURTYARD_B_T_frame_1626.jpg,1280,720,hand,682,325,823,429
images/train/CHESS_COURTYARD_B_T_frame_1626.jpg,1280,720,hand,521,308,682,416
images/train/CHESS_COURTYARD_B_T_frame_1648.jpg,1280,720,hand,799,537,1120,718
images/train/CHESS_COURTYARD_B_T_frame_1648.jpg,1280,720,hand,700,329,844,442
images/train/CHESS_COURTYARD_B_T_frame_1648.jpg,1280,720,hand,539,316,699,428
images/train/CHESS_COURTYARD_B_T_frame_1661.jpg,1280,720,hand,713,424,969,593
images/train/CHESS_COURTYARD_B_T_frame_1661.jpg,1280,720,hand,724,322,874,431
images/train/CHESS_COURTYARD_B_T_frame_1661.jpg,1280,720,hand,565,312,734,424
images/train/CHESS_COURTYARD_B_T_frame_1710.jpg,1280,720,hand,864,647,1092,717
images/train/CHESS_COURTYARD_B_T_frame_1710.jpg,1280,720,hand,680,307,823,408
images/train/CHESS_COURTYARD_B_T_frame_1710.jpg,1280,720,hand,510,295,672,411
images/train/CHESS_COURTYARD_B_T_frame_1715.jpg,1280,720,hand,868,646,1099,718
images/train/CHESS_COURTYARD_B_T_frame_1715.jpg,1280,720,hand,678,304,823,417
images/train/CHESS_COURTYARD_B_T_frame_1715.jpg,1280,720,hand,494,292,670,399
images/train/CHESS_COURTYARD_B_T_frame_1741.jpg,1280,720,hand,716,441,947,622
images/train/CHESS_COURTYARD_B_T_frame_1741.jpg,1280,720,hand,753,347,903,457
images/train/CHESS_COURTYARD_B_T_frame_1741.jpg,1280,720,hand,560,333,737,448
images/train/CHESS_COURTYARD_B_T_frame_1756.jpg,1280,720,hand,802,458,1184,716
images/train/CHESS_COURTYARD_B_T_frame_1756.jpg,1280,720,hand,721,390,869,502
images/train/CHESS_COURTYARD_B_T_frame_1756.jpg,1280,720,hand,523,382,712,491
images/train/CHESS_COURTYARD_B_T_frame_1770.jpg,1280,720,hand,675,387,819,503
images/train/CHESS_COURTYARD_B_T_frame_1770.jpg,1280,720,hand,494,386,663,498
images/train/CHESS_COURTYARD_B_T_frame_1796.jpg,1280,720,hand,721,363,869,477
images/train/CHESS_COURTYARD_B_T_frame_1796.jpg,1280,720,hand,490,250,675,363
images/train/CHESS_COURTYARD_B_T_frame_1812.jpg,1280,720,hand,684,355,831,473
images/train/CHESS_COURTYARD_B_T_frame_1812.jpg,1280,720,hand,540,378,752,560
images/train/CHESS_COURTYARD_B_T_frame_1852.jpg,1280,720,hand,733,330,847,460
images/train/CHESS_COURTYARD_B_T_frame_1852.jpg,1280,720,hand,591,312,759,440
images/train/CHESS_COURTYARD_B_T_frame_1895.jpg,1280,720,hand,671,354,815,460
images/train/CHESS_COURTYARD_B_T_frame_1895.jpg,1280,720,hand,515,349,679,454
images/train/CHESS_COURTYARD_B_T_frame_1900.jpg,1280,720,hand,664,359,817,464
images/train/CHESS_COURTYARD_B_T_frame_1900.jpg,1280,720,hand,507,355,663,464
images/train/CHESS_COURTYARD_B_T_frame_1957.jpg,1280,720,hand,765,370,936,515
images/train/CHESS_COURTYARD_B_T_frame_1957.jpg,1280,720,hand,589,349,759,456
images/train/CHESS_COURTYARD_B_T_frame_1967.jpg,1280,720,hand,853,344,1130,572
images/train/CHESS_COURTYARD_B_T_frame_1967.jpg,1280,720,hand,728,351,861,466
images/train/CHESS_COURTYARD_B_T_frame_1967.jpg,1280,720,hand,556,336,728,442
images/train/CHESS_COURTYARD_B_T_frame_2007.jpg,1280,720,hand,674,350,833,456
images/train/CHESS_COURTYARD_B_T_frame_2007.jpg,1280,720,hand,497,106,660,202
images/train/CHESS_COURTYARD_B_T_frame_2025.jpg,1280,720,hand,679,357,829,458
images/train/CHESS_COURTYARD_B_T_frame_2025.jpg,1280,720,hand,455,357,634,460
images/train/CHESS_COURTYARD_B_T_frame_2044.jpg,1280,720,hand,670,347,832,462
images/train/CHESS_COURTYARD_B_T_frame_2044.jpg,1280,720,hand,452,353,627,460
images/train/CHESS_COURTYARD_B_T_frame_2074.jpg,1280,720,hand,708,342,861,453
images/train/CHESS_COURTYARD_B_T_frame_2074.jpg,1280,720,hand,292,295,453,470
images/train/CHESS_COURTYARD_B_T_frame_2189.jpg,1280,720,hand,787,395,943,506
images/train/CHESS_COURTYARD_B_T_frame_2189.jpg,1280,720,hand,618,357,774,454
images/train/CHESS_COURTYARD_B_T_frame_2230.jpg,1280,720,hand,684,350,827,450
images/train/CHESS_COURTYARD_B_T_frame_2230.jpg,1280,720,hand,448,247,646,388
images/train/CHESS_COURTYARD_B_T_frame_2317.jpg,1280,720,hand,680,337,827,449
images/train/CHESS_COURTYARD_B_T_frame_2317.jpg,1280,720,hand,299,266,427,399
images/train/CHESS_COURTYARD_B_T_frame_2324.jpg,1280,720,hand,676,344,820,457
images/train/CHESS_COURTYARD_B_T_frame_2324.jpg,1280,720,hand,522,329,679,440
images/train/CHESS_COURTYARD_B_T_frame_2330.jpg,1280,720,hand,676,353,815,458
images/train/CHESS_COURTYARD_B_T_frame_2330.jpg,1280,720,hand,513,340,675,442
images/train/CHESS_COURTYARD_B_T_frame_2364.jpg,1280,720,hand,882,684,1060,718
images/train/CHESS_COURTYARD_B_T_frame_2364.jpg,1280,720,hand,674,320,802,435
images/train/CHESS_COURTYARD_B_T_frame_2364.jpg,1280,720,hand,513,299,668,404
images/train/CHESS_COURTYARD_B_T_frame_2386.jpg,1280,720,hand,915,685,1087,718
images/train/CHESS_COURTYARD_B_T_frame_2386.jpg,1280,720,hand,701,312,843,431
images/train/CHESS_COURTYARD_B_T_frame_2386.jpg,1280,720,hand,544,276,696,399
images/train/CHESS_COURTYARD_B_T_frame_2393.jpg,1280,720,hand,928,692,1110,718
images/train/CHESS_COURTYARD_B_T_frame_2393.jpg,1280,720,hand,715,314,853,427
images/train/CHESS_COURTYARD_B_T_frame_2393.jpg,1280,720,hand,552,280,708,403
images/train/CHESS_COURTYARD_B_T_frame_2395.jpg,1280,720,hand,936,688,1096,718
images/train/CHESS_COURTYARD_B_T_frame_2395.jpg,1280,720,hand,719,312,858,425
images/train/CHESS_COURTYARD_B_T_frame_2395.jpg,1280,720,hand,563,279,717,402
images/train/CHESS_COURTYARD_B_T_frame_2397.jpg,1280,720,hand,942,687,1095,718
images/train/CHESS_COURTYARD_B_T_frame_2397.jpg,1280,720,hand,720,317,865,431
images/train/CHESS_COURTYARD_B_T_frame_2397.jpg,1280,720,hand,561,284,725,403
images/train/CHESS_COURTYARD_B_T_frame_2406.jpg,1280,720,hand,961,698,1106,718
images/train/CHESS_COURTYARD_B_T_frame_2406.jpg,1280,720,hand,737,318,881,433
images/train/CHESS_COURTYARD_B_T_frame_2406.jpg,1280,720,hand,572,293,746,400
images/train/CHESS_COURTYARD_B_T_frame_2452.jpg,1280,720,hand,679,441,920,617
images/train/CHESS_COURTYARD_B_T_frame_2452.jpg,1280,720,hand,856,375,1009,495
images/train/CHESS_COURTYARD_B_T_frame_2452.jpg,1280,720,hand,695,330,874,448
images/train/CHESS_COURTYARD_B_T_frame_2481.jpg,1280,720,hand,686,342,825,452
images/train/CHESS_COURTYARD_B_T_frame_2481.jpg,1280,720,hand,534,316,701,428
images/train/CHESS_COURTYARD_B_T_frame_2566.jpg,1280,720,hand,1050,691,1196,716
images/train/CHESS_COURTYARD_B_T_frame_2566.jpg,1280,720,hand,744,332,890,446
images/train/CHESS_COURTYARD_B_T_frame_2566.jpg,1280,720,hand,477,292,666,511
images/train/CHESS_COURTYARD_B_T_frame_2574.jpg,1280,720,hand,1076,704,1176,718
images/train/CHESS_COURTYARD_B_T_frame_2574.jpg,1280,720,hand,734,337,890,452
images/train/CHESS_COURTYARD_B_T_frame_2574.jpg,1280,720,hand,477,297,674,510
images/train/CHESS_COURTYARD_B_T_frame_2589.jpg,1280,720,hand,1046,705,1188,718
images/train/CHESS_COURTYARD_B_T_frame_2589.jpg,1280,720,hand,741,325,883,444
images/train/CHESS_COURTYARD_B_T_frame_2589.jpg,1280,720,hand,447,299,630,508
images/train/CHESS_COURTYARD_B_T_frame_2596.jpg,1280,720,hand,1046,695,1195,718
images/train/CHESS_COURTYARD_B_T_frame_2596.jpg,1280,720,hand,740,328,882,445
images/train/CHESS_COURTYARD_B_T_frame_2596.jpg,1280,720,hand,452,318,634,519
images/train/CHESS_COURTYARD_B_T_frame_2603.jpg,1280,720,hand,1046,691,1204,717
images/train/CHESS_COURTYARD_B_T_frame_2603.jpg,1280,720,hand,740,324,889,437
images/train/CHESS_COURTYARD_B_T_frame_2603.jpg,1280,720,hand,469,300,634,514
images/train/CHESS_COURTYARD_B_T_frame_2636.jpg,1280,720,hand,761,333,907,450
images/train/CHESS_COURTYARD_B_T_frame_2636.jpg,1280,720,hand,393,247,572,371
images/train/CHESS_COURTYARD_B_T_frame_2648.jpg,1280,720,hand,1056,685,1232,718
images/train/CHESS_COURTYARD_B_T_frame_2648.jpg,1280,720,hand,755,307,902,427
images/train/CHESS_COURTYARD_B_T_frame_2648.jpg,1280,720,hand,613,289,770,386
images/train/CHESS_COURTYARD_B_T_frame_2662.jpg,1280,720,hand,1060,676,1242,718
images/train/CHESS_COURTYARD_B_T_frame_2662.jpg,1280,720,hand,740,301,883,416
images/train/CHESS_COURTYARD_B_T_frame_2662.jpg,1280,720,hand,564,289,730,400
images/train/CHESS_COURTYARD_B_T_frame_2669.jpg,1280,720,hand,1027,676,1208,718
images/train/CHESS_COURTYARD_B_T_frame_2669.jpg,1280,720,hand,730,311,865,409
images/train/CHESS_COURTYARD_B_T_frame_2669.jpg,1280,720,hand,554,291,724,404
images/train/CHESS_COURTYARD_B_T_frame_2686.jpg,1280,720,hand,668,497,1073,717
images/train/CHESS_COURTYARD_B_T_frame_2686.jpg,1280,720,hand,728,333,861,437
images/train/CHESS_COURTYARD_B_T_frame_2686.jpg,1280,720,hand,544,307,720,427
images/train/PUZZLE_LIVINGROOM_T_B_frame_0090.jpg,1280,720,hand,11,469,299,709
images/train/PUZZLE_LIVINGROOM_T_B_frame_0090.jpg,1280,720,hand,536,379,1058,717
images/train/PUZZLE_LIVINGROOM_T_B_frame_0090.jpg,1280,720,hand,682,111,860,345
images/train/PUZZLE_LIVINGROOM_T_B_frame_0090.jpg,1280,720,hand,19,155,232,374
images/train/PUZZLE_LIVINGROOM_T_B_frame_0131.jpg,1280,720,hand,1,351,191,716
images/train/PUZZLE_LIVINGROOM_T_B_frame_0131.jpg,1280,720,hand,526,598,976,717
images/train/PUZZLE_LIVINGROOM_T_B_frame_0131.jpg,1280,720,hand,1117,107,1278,321
images/train/PUZZLE_LIVINGROOM_T_B_frame_0131.jpg,1280,720,hand,627,89,841,245
images/train/PUZZLE_LIVINGROOM_T_B_frame_0140.jpg,1280,720,hand,2,384,209,622
images/train/PUZZLE_LIVINGROOM_T_B_frame_0140.jpg,1280,720,hand,656,567,1266,713
images/train/PUZZLE_LIVINGROOM_T_B_frame_0140.jpg,1280,720,hand,798,144,1076,304
images/train/PUZZLE_LIVINGROOM_T_B_frame_0140.jpg,1280,720,hand,532,97,722,262
images/train/PUZZLE_LIVINGROOM_T_B_frame_0141.jpg,1280,720,hand,6,383,208,614
images/train/PUZZLE_LIVINGROOM_T_B_frame_0141.jpg,1280,720,hand,700,606,1232,718
images/train/PUZZLE_LIVINGROOM_T_B_frame_0141.jpg,1280,720,hand,784,147,1072,311
images/train/PUZZLE_LIVINGROOM_T_B_frame_0141.jpg,1280,720,hand,501,99,691,252
images/train/PUZZLE_LIVINGROOM_T_B_frame_0224.jpg,1280,720,hand,1,469,204,718
images/train/PUZZLE_LIVINGROOM_T_B_frame_0224.jpg,1280,720,hand,523,630,1018,716
images/train/PUZZLE_LIVINGROOM_T_B_frame_0224.jpg,1280,720,hand,968,4,1246,254
images/train/PUZZLE_LIVINGROOM_T_B_frame_0224.jpg,1280,720,hand,258,20,431,222
images/train/PUZZLE_LIVINGROOM_T_B_frame_0252.jpg,1280,720,hand,9,347,377,709
images/train/PUZZLE_LIVINGROOM_T_B_frame_0252.jpg,1280,720,hand,532,329,1008,684
images/train/PUZZLE_LIVINGROOM_T_B_frame_0252.jpg,1280,720,hand,823,99,1006,296
images/train/PUZZLE_LIVINGROOM_T_B_frame_0252.jpg,1280,720,hand,251,138,433,291
images/train/PUZZLE_LIVINGROOM_T_B_frame_0259.jpg,1280,720,hand,1,399,398,714
images/train/PUZZLE_LIVINGROOM_T_B_frame_0259.jpg,1280,720,hand,568,375,1030,714
images/train/PUZZLE_LIVINGROOM_T_B_frame_0259.jpg,1280,720,hand,740,98,952,259
images/train/PUZZLE_LIVINGROOM_T_B_frame_0259.jpg,1280,720,hand,254,153,440,332
images/train/PUZZLE_LIVINGROOM_T_B_frame_0307.jpg,1280,720,hand,2,482,199,705
images/train/PUZZLE_LIVINGROOM_T_B_frame_0307.jpg,1280,720,hand,539,556,1168,717
images/train/PUZZLE_LIVINGROOM_T_B_frame_0307.jpg,1280,720,hand,701,109,912,245
images/train/PUZZLE_LIVINGROOM_T_B_frame_0307.jpg,1280,720,hand,340,94,532,208
images/train/PUZZLE_LIVINGROOM_T_B_frame_0331.jpg,1280,720,hand,3,548,332,718
images/train/PUZZLE_LIVINGROOM_T_B_frame_0331.jpg,1280,720,hand,552,594,960,718
images/train/PUZZLE_LIVINGROOM_T_B_frame_0331.jpg,1280,720,hand,959,103,1204,289
images/train/PUZZLE_LIVINGROOM_T_B_frame_0331.jpg,1280,720,hand,387,107,569,266
images/train/PUZZLE_LIVINGROOM_T_B_frame_0334.jpg,1280,720,hand,2,548,345,718
images/train/PUZZLE_LIVINGROOM_T_B_frame_0334.jpg,1280,720,hand,506,648,909,718
images/train/PUZZLE_LIVINGROOM_T_B_frame_0334.jpg,1280,720,hand,891,128,1166,322
images/train/PUZZLE_LIVINGROOM_T_B_frame_0334.jpg,1280,720,hand,302,146,523,346
images/train/PUZZLE_LIVINGROOM_T_B_frame_0428.jpg,1280,720,hand,528,86,806,251
images/train/PUZZLE_LIVINGROOM_T_B_frame_0428.jpg,1280,720,hand,2,60,52,288
images/train/PUZZLE_LIVINGROOM_T_B_frame_0439.jpg,1280,720,hand,564,99,858,274
images/train/PUZZLE_LIVINGROOM_T_B_frame_0439.jpg,1280,720,hand,5,119,179,287
images/train/PUZZLE_LIVINGROOM_T_B_frame_0456.jpg,1280,720,hand,601,433,1279,716
images/train/PUZZLE_LIVINGROOM_T_B_frame_0456.jpg,1280,720,hand,629,155,870,312
images/train/PUZZLE_LIVINGROOM_T_B_frame_0456.jpg,1280,720,hand,2,85,146,260
images/train/PUZZLE_LIVINGROOM_T_B_frame_0528.jpg,1280,720,hand,1,329,234,601
images/train/PUZZLE_LIVINGROOM_T_B_frame_0528.jpg,1280,720,hand,431,450,878,684
images/train/PUZZLE_LIVINGROOM_T_B_frame_0528.jpg,1280,720,hand,1075,254,1279,559
images/train/PUZZLE_LIVINGROOM_T_B_frame_0534.jpg,1280,720,hand,7,399,356,673
images/train/PUZZLE_LIVINGROOM_T_B_frame_0534.jpg,1280,720,hand,538,399,942,673
images/train/PUZZLE_LIVINGROOM_T_B_frame_0534.jpg,1280,720,hand,1029,239,1279,524
images/train/PUZZLE_LIVINGROOM_T_B_frame_0550.jpg,1280,720,hand,7,370,253,610
images/train/PUZZLE_LIVINGROOM_T_B_frame_0550.jpg,1280,720,hand,588,151,1118,545
images/train/PUZZLE_LIVINGROOM_T_B_frame_0577.jpg,1280,720,hand,2,518,255,706
images/train/PUZZLE_LIVINGROOM_T_B_frame_0577.jpg,1280,720,hand,616,516,1159,717
images/train/PUZZLE_LIVINGROOM_T_B_frame_0577.jpg,1280,720,hand,548,254,833,531
images/train/PUZZLE_LIVINGROOM_T_B_frame_0577.jpg,1280,720,hand,7,354,82,506
images/train/PUZZLE_LIVINGROOM_T_B_frame_0580.jpg,1280,720,hand,2,446,313,643
images/train/PUZZLE_LIVINGROOM_T_B_frame_0580.jpg,1280,720,hand,555,540,1103,716
images/train/PUZZLE_LIVINGROOM_T_B_frame_0580.jpg,1280,720,hand,539,245,828,559
images/train/PUZZLE_LIVINGROOM_T_B_frame_0580.jpg,1280,720,hand,2,338,75,468
images/train/PUZZLE_LIVINGROOM_T_B_frame_0588.jpg,1280,720,hand,2,585,187,718
images/train/PUZZLE_LIVINGROOM_T_B_frame_0588.jpg,1280,720,hand,601,551,1133,718
images/train/PUZZLE_LIVINGROOM_T_B_frame_0588.jpg,1280,720,hand,404,209,705,424
images/train/PUZZLE_LIVINGROOM_T_B_frame_0596.jpg,1280,720,hand,1,540,395,717
images/train/PUZZLE_LIVINGROOM_T_B_frame_0596.jpg,1280,720,hand,555,586,1104,717
images/train/PUZZLE_LIVINGROOM_T_B_frame_0596.jpg,1280,720,hand,214,243,654,498
images/train/PUZZLE_LIVINGROOM_T_B_frame_0596.jpg,1280,720,hand,7,243,242,530
images/train/PUZZLE_LIVINGROOM_T_B_frame_0598.jpg,1280,720,hand,1,527,336,716
images/train/PUZZLE_LIVINGROOM_T_B_frame_0598.jpg,1280,720,hand,366,262,699,549
images/train/PUZZLE_LIVINGROOM_T_B_frame_0598.jpg,1280,720,hand,6,252,283,526
images/train/PUZZLE_LIVINGROOM_T_B_frame_0613.jpg,1280,720,hand,2,555,258,717
images/train/PUZZLE_LIVINGROOM_T_B_frame_0613.jpg,1280,720,hand,542,563,1137,718
images/train/PUZZLE_LIVINGROOM_T_B_frame_0613.jpg,1280,720,hand,476,264,817,563
images/train/PUZZLE_LIVINGROOM_T_B_frame_0613.jpg,1280,720,hand,11,204,324,600
images/train/PUZZLE_LIVINGROOM_T_B_frame_0638.jpg,1280,720,hand,2,526,288,717
images/train/PUZZLE_LIVINGROOM_T_B_frame_0638.jpg,1280,720,hand,522,594,967,718
images/train/PUZZLE_LIVINGROOM_T_B_frame_0638.jpg,1280,720,hand,680,114,984,361
images/train/PUZZLE_LIVINGROOM_T_B_frame_0638.jpg,1280,720,hand,166,105,418,318
images/train/PUZZLE_LIVINGROOM_T_B_frame_0651.jpg,1280,720,hand,1,611,86,716
images/train/PUZZLE_LIVINGROOM_T_B_frame_0651.jpg,1280,720,hand,565,506,947,717
images/train/PUZZLE_LIVINGROOM_T_B_frame_0651.jpg,1280,720,hand,812,258,1095,489
images/train/PUZZLE_LIVINGROOM_T_B_frame_0651.jpg,1280,720,hand,6,219,68,440
images/train/PUZZLE_LIVINGROOM_T_B_frame_0658.jpg,1280,720,hand,2,658,100,717
images/train/PUZZLE_LIVINGROOM_T_B_frame_0658.jpg,1280,720,hand,617,468,1147,718
images/train/PUZZLE_LIVINGROOM_T_B_frame_0658.jpg,1280,720,hand,779,209,1047,419
images/train/PUZZLE_LIVINGROOM_T_B_frame_0696.jpg,1280,720,hand,1,537,222,716
images/train/PUZZLE_LIVINGROOM_T_B_frame_0696.jpg,1280,720,hand,476,581,1080,716
images/train/PUZZLE_LIVINGROOM_T_B_frame_0696.jpg,1280,720,hand,889,84,1199,313
images/train/PUZZLE_LIVINGROOM_T_B_frame_0696.jpg,1280,720,hand,542,78,817,300
images/train/PUZZLE_LIVINGROOM_T_B_frame_0697.jpg,1280,720,hand,2,543,205,718
images/train/PUZZLE_LIVINGROOM_T_B_frame_0697.jpg,1280,720,hand,535,560,1015,714
images/train/PUZZLE_LIVINGROOM_T_B_frame_0697.jpg,1280,720,hand,895,101,1195,318
images/train/PUZZLE_LIVINGROOM_T_B_frame_0697.jpg,1280,720,hand,531,70,814,297
images/train/PUZZLE_LIVINGROOM_T_B_frame_0709.jpg,1280,720,hand,2,519,210,717
images/train/PUZZLE_LIVINGROOM_T_B_frame_0709.jpg,1280,720,hand,444,532,887,716
images/train/PUZZLE_LIVINGROOM_T_B_frame_0709.jpg,1280,720,hand,717,99,1043,264
images/train/PUZZLE_LIVINGROOM_T_B_frame_0709.jpg,1280,720,hand,319,41,583,272
images/train/PUZZLE_LIVINGROOM_T_B_frame_0724.jpg,1280,720,hand,1,380,259,717
images/train/PUZZLE_LIVINGROOM_T_B_frame_0724.jpg,1280,720,hand,815,157,1149,321
images/train/PUZZLE_LIVINGROOM_T_B_frame_0724.jpg,1280,720,hand,312,110,538,293
images/train/PUZZLE_LIVINGROOM_T_B_frame_0766.jpg,1280,720,hand,6,506,320,712
images/train/PUZZLE_LIVINGROOM_T_B_frame_0766.jpg,1280,720,hand,514,549,989,714
images/train/PUZZLE_LIVINGROOM_T_B_frame_0766.jpg,1280,720,hand,880,163,1141,383
images/train/PUZZLE_LIVINGROOM_T_B_frame_0766.jpg,1280,720,hand,532,179,803,353
images/train/PUZZLE_LIVINGROOM_T_B_frame_0768.jpg,1280,720,hand,3,523,292,714
images/train/PUZZLE_LIVINGROOM_T_B_frame_0768.jpg,1280,720,hand,528,555,1002,713
images/train/PUZZLE_LIVINGROOM_T_B_frame_0768.jpg,1280,720,hand,853,181,1100,392
images/train/PUZZLE_LIVINGROOM_T_B_frame_0768.jpg,1280,720,hand,514,194,788,365
images/train/PUZZLE_LIVINGROOM_T_B_frame_0864.jpg,1280,720,hand,1,617,177,716
images/train/PUZZLE_LIVINGROOM_T_B_frame_0864.jpg,1280,720,hand,604,436,1015,714
images/train/PUZZLE_LIVINGROOM_T_B_frame_0917.jpg,1280,720,hand,2,556,93,640
images/train/PUZZLE_LIVINGROOM_T_B_frame_0917.jpg,1280,720,hand,635,445,1150,718
images/train/PUZZLE_LIVINGROOM_T_B_frame_0917.jpg,1280,720,hand,210,176,517,345
images/train/PUZZLE_LIVINGROOM_T_B_frame_0960.jpg,1280,720,hand,11,281,576,548
images/train/PUZZLE_LIVINGROOM_T_B_frame_0960.jpg,1280,720,hand,612,534,1126,709
images/train/PUZZLE_LIVINGROOM_T_B_frame_0960.jpg,1280,720,hand,234,53,484,200
images/train/PUZZLE_LIVINGROOM_T_B_frame_1019.jpg,1280,720,hand,11,507,225,672
images/train/PUZZLE_LIVINGROOM_T_B_frame_1019.jpg,1280,720,hand,567,406,1205,718
images/train/PUZZLE_LIVINGROOM_T_B_frame_1019.jpg,1280,720,hand,1011,139,1279,333
images/train/PUZZLE_LIVINGROOM_T_B_frame_1019.jpg,1280,720,hand,653,169,968,336
images/train/PUZZLE_LIVINGROOM_T_B_frame_1027.jpg,1280,720,hand,7,473,254,680
images/train/PUZZLE_LIVINGROOM_T_B_frame_1027.jpg,1280,720,hand,526,420,1117,718
images/train/PUZZLE_LIVINGROOM_T_B_frame_1027.jpg,1280,720,hand,996,136,1274,328
images/train/PUZZLE_LIVINGROOM_T_B_frame_1027.jpg,1280,720,hand,627,138,940,296
images/train/PUZZLE_LIVINGROOM_T_B_frame_1039.jpg,1280,720,hand,3,441,331,671
images/train/PUZZLE_LIVINGROOM_T_B_frame_1039.jpg,1280,720,hand,451,388,1050,716
images/train/PUZZLE_LIVINGROOM_T_B_frame_1039.jpg,1280,720,hand,951,90,1231,291
images/train/PUZZLE_LIVINGROOM_T_B_frame_1039.jpg,1280,720,hand,608,32,911,208
images/train/PUZZLE_LIVINGROOM_T_B_frame_1077.jpg,1280,720,hand,515,395,1274,712
images/train/PUZZLE_LIVINGROOM_T_B_frame_1077.jpg,1280,720,hand,7,11,81,181
images/train/PUZZLE_LIVINGROOM_T_B_frame_1110.jpg,1280,720,hand,7,432,279,639
images/train/PUZZLE_LIVINGROOM_T_B_frame_1110.jpg,1280,720,hand,319,341,926,673
images/train/PUZZLE_LIVINGROOM_T_B_frame_1110.jpg,1280,720,hand,720,8,1091,181
images/train/PUZZLE_LIVINGROOM_T_B_frame_1110.jpg,1280,720,hand,291,98,576,309
images/train/PUZZLE_LIVINGROOM_T_B_frame_1115.jpg,1280,720,hand,5,413,304,718
images/train/PUZZLE_LIVINGROOM_T_B_frame_1115.jpg,1280,720,hand,387,374,1038,718
images/train/PUZZLE_LIVINGROOM_T_B_frame_1115.jpg,1280,720,hand,1108,2,1269,65
images/train/PUZZLE_LIVINGROOM_T_B_frame_1115.jpg,1280,720,hand,299,68,604,309
images/train/PUZZLE_LIVINGROOM_T_B_frame_1145.jpg,1280,720,hand,6,461,245,634
images/train/PUZZLE_LIVINGROOM_T_B_frame_1145.jpg,1280,720,hand,385,481,927,709
images/train/PUZZLE_LIVINGROOM_T_B_frame_1145.jpg,1280,720,hand,775,101,1059,297
images/train/PUZZLE_LIVINGROOM_T_B_frame_1145.jpg,1280,720,hand,241,95,469,226
images/train/PUZZLE_LIVINGROOM_T_B_frame_1254.jpg,1280,720,hand,1,353,309,651
images/train/PUZZLE_LIVINGROOM_T_B_frame_1254.jpg,1280,720,hand,539,322,1279,712
images/train/PUZZLE_LIVINGROOM_T_B_frame_1254.jpg,1280,720,hand,188,134,558,452
images/train/PUZZLE_LIVINGROOM_T_B_frame_1254.jpg,1280,720,hand,7,114,75,216
images/train/PUZZLE_LIVINGROOM_T_B_frame_1295.jpg,1280,720,hand,2,607,220,718
images/train/PUZZLE_LIVINGROOM_T_B_frame_1295.jpg,1280,720,hand,840,567,1279,713
images/train/PUZZLE_LIVINGROOM_T_B_frame_1295.jpg,1280,720,hand,515,157,828,337
images/train/PUZZLE_LIVINGROOM_T_B_frame_1295.jpg,1280,720,hand,243,155,482,303
images/train/PUZZLE_LIVINGROOM_T_B_frame_1298.jpg,1280,720,hand,1,598,200,718
images/train/PUZZLE_LIVINGROOM_T_B_frame_1298.jpg,1280,720,hand,815,568,1278,716
images/train/PUZZLE_LIVINGROOM_T_B_frame_1298.jpg,1280,720,hand,477,153,816,324
images/train/PUZZLE_LIVINGROOM_T_B_frame_1298.jpg,1280,720,hand,242,152,472,321
images/train/PUZZLE_LIVINGROOM_T_B_frame_1302.jpg,1280,720,hand,9,643,218,718
images/train/PUZZLE_LIVINGROOM_T_B_frame_1302.jpg,1280,720,hand,758,553,1279,717
images/train/PUZZLE_LIVINGROOM_T_B_frame_1302.jpg,1280,720,hand,505,118,845,345
images/train/PUZZLE_LIVINGROOM_T_B_frame_1302.jpg,1280,720,hand,249,136,477,324
images/train/PUZZLE_LIVINGROOM_T_B_frame_1317.jpg,1280,720,hand,13,663,266,717
images/train/PUZZLE_LIVINGROOM_T_B_frame_1317.jpg,1280,720,hand,601,626,1018,714
images/train/PUZZLE_LIVINGROOM_T_B_frame_1317.jpg,1280,720,hand,353,242,749,537
images/train/PUZZLE_LIVINGROOM_T_B_frame_1322.jpg,1280,720,hand,572,409,1223,718
images/train/PUZZLE_LIVINGROOM_T_B_frame_1322.jpg,1280,720,hand,286,248,651,478
images/train/PUZZLE_LIVINGROOM_T_B_frame_1322.jpg,1280,720,hand,22,142,274,322
images/train/PUZZLE_LIVINGROOM_T_B_frame_1330.jpg,1280,720,hand,9,576,240,696
images/train/PUZZLE_LIVINGROOM_T_B_frame_1330.jpg,1280,720,hand,564,486,1103,712
images/train/PUZZLE_LIVINGROOM_T_B_frame_1330.jpg,1280,720,hand,271,183,653,396
images/train/PUZZLE_LIVINGROOM_T_B_frame_1330.jpg,1280,720,hand,14,216,254,387
images/train/PUZZLE_LIVINGROOM_T_B_frame_1368.jpg,1280,720,hand,608,530,1274,709
images/train/PUZZLE_LIVINGROOM_T_B_frame_1368.jpg,1280,720,hand,291,56,604,296
images/train/PUZZLE_LIVINGROOM_T_B_frame_1368.jpg,1280,720,hand,1,102,204,291
images/train/PUZZLE_LIVINGROOM_T_B_frame_1411.jpg,1280,720,hand,1,497,249,718
images/train/PUZZLE_LIVINGROOM_T_B_frame_1411.jpg,1280,720,hand,617,428,1278,713
images/train/PUZZLE_LIVINGROOM_T_B_frame_1411.jpg,1280,720,hand,3,130,261,330
images/train/PUZZLE_LIVINGROOM_T_B_frame_1457.jpg,1280,720,hand,1,501,302,716
images/train/PUZZLE_LIVINGROOM_T_B_frame_1457.jpg,1280,720,hand,1217,157,1279,322
images/train/PUZZLE_LIVINGROOM_T_B_frame_1457.jpg,1280,720,hand,746,176,1059,328
images/train/PUZZLE_LIVINGROOM_T_B_frame_1552.jpg,1280,720,hand,6,373,317,718
images/train/PUZZLE_LIVINGROOM_T_B_frame_1552.jpg,1280,720,hand,436,460,1099,718
images/train/PUZZLE_LIVINGROOM_T_B_frame_1552.jpg,1280,720,hand,513,3,817,190
images/train/PUZZLE_LIVINGROOM_T_B_frame_1552.jpg,1280,720,hand,176,31,474,186
images/train/PUZZLE_LIVINGROOM_T_B_frame_1573.jpg,1280,720,hand,3,516,283,718
images/train/PUZZLE_LIVINGROOM_T_B_frame_1573.jpg,1280,720,hand,431,353,1099,713
images/train/PUZZLE_LIVINGROOM_T_B_frame_1573.jpg,1280,720,hand,436,44,699,235
images/train/PUZZLE_LIVINGROOM_T_B_frame_1573.jpg,1280,720,hand,2,144,171,349
images/train/PUZZLE_LIVINGROOM_T_B_frame_1582.jpg,1280,720,hand,1,541,377,718
images/train/PUZZLE_LIVINGROOM_T_B_frame_1582.jpg,1280,720,hand,638,346,1279,717
images/train/PUZZLE_LIVINGROOM_T_B_frame_1582.jpg,1280,720,hand,543,15,765,194
images/train/PUZZLE_LIVINGROOM_T_B_frame_1582.jpg,1280,720,hand,5,130,147,317
images/train/PUZZLE_LIVINGROOM_T_B_frame_1643.jpg,1280,720,hand,2,511,340,717
images/train/PUZZLE_LIVINGROOM_T_B_frame_1643.jpg,1280,720,hand,350,359,922,683
images/train/PUZZLE_LIVINGROOM_T_B_frame_1643.jpg,1280,720,hand,432,101,707,275
images/train/PUZZLE_LIVINGROOM_T_B_frame_1643.jpg,1280,720,hand,52,135,402,344
images/train/PUZZLE_LIVINGROOM_T_B_frame_1661.jpg,1280,720,hand,7,462,282,717
images/train/PUZZLE_LIVINGROOM_T_B_frame_1661.jpg,1280,720,hand,335,297,1158,718
images/train/PUZZLE_LIVINGROOM_T_B_frame_1661.jpg,1280,720,hand,368,69,634,247
images/train/PUZZLE_LIVINGROOM_T_B_frame_1661.jpg,1280,720,hand,27,109,325,296
images/train/PUZZLE_LIVINGROOM_T_B_frame_1667.jpg,1280,720,hand,14,295,324,702
images/train/PUZZLE_LIVINGROOM_T_B_frame_1667.jpg,1280,720,hand,316,272,1050,659
images/train/PUZZLE_LIVINGROOM_T_B_frame_1667.jpg,1280,720,hand,447,45,697,241
images/train/PUZZLE_LIVINGROOM_T_B_frame_1667.jpg,1280,720,hand,150,97,431,262
images/train/PUZZLE_LIVINGROOM_T_B_frame_1672.jpg,1280,720,hand,1,391,222,718
images/train/PUZZLE_LIVINGROOM_T_B_frame_1672.jpg,1280,720,hand,296,242,932,597
images/train/PUZZLE_LIVINGROOM_T_B_frame_1672.jpg,1280,720,hand,440,73,707,230
images/train/PUZZLE_LIVINGROOM_T_B_frame_1672.jpg,1280,720,hand,121,127,368,278
images/train/PUZZLE_LIVINGROOM_T_B_frame_1681.jpg,1280,720,hand,1,452,114,718
images/train/PUZZLE_LIVINGROOM_T_B_frame_1681.jpg,1280,720,hand,542,373,1100,704
images/train/PUZZLE_LIVINGROOM_T_B_frame_1681.jpg,1280,720,hand,30,77,304,242
images/train/PUZZLE_LIVINGROOM_T_B_frame_1743.jpg,1280,720,hand,1,465,373,713
images/train/PUZZLE_LIVINGROOM_T_B_frame_1743.jpg,1280,720,hand,596,652,1017,718
images/train/PUZZLE_LIVINGROOM_T_B_frame_1743.jpg,1280,720,hand,878,123,1172,332
images/train/PUZZLE_LIVINGROOM_T_B_frame_1743.jpg,1280,720,hand,482,139,833,312
images/train/PUZZLE_LIVINGROOM_T_B_frame_1756.jpg,1280,720,hand,3,482,353,717
images/train/PUZZLE_LIVINGROOM_T_B_frame_1756.jpg,1280,720,hand,594,665,980,718
images/train/PUZZLE_LIVINGROOM_T_B_frame_1756.jpg,1280,720,hand,1048,180,1279,456
images/train/PUZZLE_LIVINGROOM_T_B_frame_1756.jpg,1280,720,hand,502,102,850,292
images/train/PUZZLE_LIVINGROOM_T_B_frame_1773.jpg,1280,720,hand,5,522,286,716
images/train/PUZZLE_LIVINGROOM_T_B_frame_1773.jpg,1280,720,hand,387,544,898,718
images/train/PUZZLE_LIVINGROOM_T_B_frame_1773.jpg,1280,720,hand,1006,201,1266,482
images/train/PUZZLE_LIVINGROOM_T_B_frame_1773.jpg,1280,720,hand,35,110,300,317
images/train/PUZZLE_LIVINGROOM_T_B_frame_1782.jpg,1280,720,hand,5,460,303,718
images/train/PUZZLE_LIVINGROOM_T_B_frame_1782.jpg,1280,720,hand,254,454,1085,716
images/train/PUZZLE_LIVINGROOM_T_B_frame_1782.jpg,1280,720,hand,1008,97,1267,312
images/train/PUZZLE_LIVINGROOM_T_B_frame_1782.jpg,1280,720,hand,5,52,109,296
images/train/PUZZLE_LIVINGROOM_T_B_frame_1847.jpg,1280,720,hand,1,504,217,710
images/train/PUZZLE_LIVINGROOM_T_B_frame_1847.jpg,1280,720,hand,205,346,430,602
images/train/PUZZLE_LIVINGROOM_T_B_frame_1911.jpg,1280,720,hand,484,359,1241,708
images/train/PUZZLE_LIVINGROOM_T_B_frame_1911.jpg,1280,720,hand,135,44,461,334
images/train/PUZZLE_LIVINGROOM_T_B_frame_1922.jpg,1280,720,hand,575,341,1265,716
images/train/PUZZLE_LIVINGROOM_T_B_frame_1922.jpg,1280,720,hand,554,8,804,218
images/train/PUZZLE_LIVINGROOM_T_B_frame_1922.jpg,1280,720,hand,203,48,513,276
images/train/PUZZLE_LIVINGROOM_T_B_frame_1986.jpg,1280,720,hand,13,479,246,700
images/train/PUZZLE_LIVINGROOM_T_B_frame_1986.jpg,1280,720,hand,498,420,1136,710
images/train/PUZZLE_LIVINGROOM_T_B_frame_1986.jpg,1280,720,hand,280,136,656,391
images/train/PUZZLE_LIVINGROOM_T_B_frame_1986.jpg,1280,720,hand,1,66,134,283
images/train/PUZZLE_LIVINGROOM_T_B_frame_2018.jpg,1280,720,hand,2,258,278,652
images/train/PUZZLE_LIVINGROOM_T_B_frame_2018.jpg,1280,720,hand,484,254,1190,709
images/train/PUZZLE_LIVINGROOM_T_B_frame_2018.jpg,1280,720,hand,242,99,654,383
images/train/PUZZLE_LIVINGROOM_T_B_frame_2018.jpg,1280,720,hand,97,4,317,226
images/train/PUZZLE_LIVINGROOM_T_B_frame_2104.jpg,1280,720,hand,755,454,1278,718
images/train/PUZZLE_LIVINGROOM_T_B_frame_2104.jpg,1280,720,hand,188,198,544,427
images/train/PUZZLE_LIVINGROOM_T_B_frame_2108.jpg,1280,720,hand,711,420,1262,709
images/train/PUZZLE_LIVINGROOM_T_B_frame_2108.jpg,1280,720,hand,122,204,463,413
images/train/PUZZLE_LIVINGROOM_T_B_frame_2151.jpg,1280,720,hand,899,503,1279,714
images/train/PUZZLE_LIVINGROOM_T_B_frame_2151.jpg,1280,720,hand,307,6,555,221
images/train/PUZZLE_LIVINGROOM_T_B_frame_2151.jpg,1280,720,hand,3,31,162,196
images/train/PUZZLE_LIVINGROOM_T_B_frame_2185.jpg,1280,720,hand,635,201,1163,716
images/train/PUZZLE_LIVINGROOM_T_B_frame_2185.jpg,1280,720,hand,323,3,617,190
images/train/PUZZLE_LIVINGROOM_T_B_frame_2185.jpg,1280,720,hand,3,2,221,179
images/train/PUZZLE_LIVINGROOM_T_B_frame_2188.jpg,1280,720,hand,577,288,1070,714
images/train/PUZZLE_LIVINGROOM_T_B_frame_2188.jpg,1280,720,hand,274,6,576,245
images/train/PUZZLE_LIVINGROOM_T_B_frame_2188.jpg,1280,720,hand,3,29,179,233
images/train/PUZZLE_LIVINGROOM_T_B_frame_2212.jpg,1280,720,hand,573,95,827,391
images/train/PUZZLE_LIVINGROOM_T_B_frame_2212.jpg,1280,720,hand,7,285,64,441
images/train/PUZZLE_LIVINGROOM_T_B_frame_2223.jpg,1280,720,hand,992,164,1277,506
images/train/PUZZLE_LIVINGROOM_T_B_frame_2223.jpg,1280,720,hand,1,248,419,689
images/train/PUZZLE_LIVINGROOM_T_B_frame_2238.jpg,1280,720,hand,1,420,370,718
images/train/PUZZLE_LIVINGROOM_T_B_frame_2238.jpg,1280,720,hand,905,148,1267,556
images/train/PUZZLE_LIVINGROOM_T_B_frame_2238.jpg,1280,720,hand,511,330,1081,718
images/train/PUZZLE_LIVINGROOM_T_B_frame_2288.jpg,1280,720,hand,13,512,229,693
images/train/PUZZLE_LIVINGROOM_T_B_frame_2288.jpg,1280,720,hand,759,227,1271,710
images/train/PUZZLE_LIVINGROOM_T_B_frame_2288.jpg,1280,720,hand,606,45,885,370
images/train/PUZZLE_LIVINGROOM_T_B_frame_2288.jpg,1280,720,hand,2,144,457,477
images/train/PUZZLE_LIVINGROOM_T_B_frame_2318.jpg,1280,720,hand,6,603,166,714
images/train/PUZZLE_LIVINGROOM_T_B_frame_2318.jpg,1280,720,hand,476,594,1060,718
images/train/PUZZLE_LIVINGROOM_T_B_frame_2318.jpg,1280,720,hand,637,123,916,458
images/train/PUZZLE_LIVINGROOM_T_B_frame_2318.jpg,1280,720,hand,1,45,168,305
images/train/PUZZLE_LIVINGROOM_T_B_frame_2320.jpg,1280,720,hand,5,626,133,717
images/train/PUZZLE_LIVINGROOM_T_B_frame_2320.jpg,1280,720,hand,540,626,1021,718
images/train/PUZZLE_LIVINGROOM_T_B_frame_2320.jpg,1280,720,hand,621,153,897,478
images/train/PUZZLE_LIVINGROOM_T_B_frame_2320.jpg,1280,720,hand,1,4,226,318
images/train/PUZZLE_LIVINGROOM_T_B_frame_2324.jpg,1280,720,hand,5,629,168,718
images/train/PUZZLE_LIVINGROOM_T_B_frame_2324.jpg,1280,720,hand,525,625,1037,718
images/train/PUZZLE_LIVINGROOM_T_B_frame_2324.jpg,1280,720,hand,614,151,881,457
images/train/PUZZLE_LIVINGROOM_T_B_frame_2324.jpg,1280,720,hand,40,120,456,340
images/train/PUZZLE_LIVINGROOM_T_B_frame_2416.jpg,1280,720,hand,127,663,258,714
images/train/PUZZLE_LIVINGROOM_T_B_frame_2416.jpg,1280,720,hand,476,464,1188,718
images/train/PUZZLE_LIVINGROOM_T_B_frame_2416.jpg,1280,720,hand,551,93,803,362
images/train/PUZZLE_LIVINGROOM_T_B_frame_2416.jpg,1280,720,hand,3,231,242,534
images/train/PUZZLE_LIVINGROOM_T_B_frame_2482.jpg,1280,720,hand,10,605,217,712
images/train/PUZZLE_LIVINGROOM_T_B_frame_2482.jpg,1280,720,hand,572,386,1195,709
images/train/PUZZLE_LIVINGROOM_T_B_frame_2482.jpg,1280,720,hand,400,234,641,520
images/train/PUZZLE_LIVINGROOM_T_B_frame_2482.jpg,1280,720,hand,5,279,337,482
images/train/PUZZLE_LIVINGROOM_T_B_frame_2499.jpg,1280,720,hand,5,514,238,702
images/train/PUZZLE_LIVINGROOM_T_B_frame_2499.jpg,1280,720,hand,481,391,1054,712
images/train/PUZZLE_LIVINGROOM_T_B_frame_2499.jpg,1280,720,hand,472,292,712,522
images/train/PUZZLE_LIVINGROOM_T_B_frame_2499.jpg,1280,720,hand,13,283,411,555
images/train/PUZZLE_LIVINGROOM_T_B_frame_2524.jpg,1280,720,hand,10,605,79,680
images/train/PUZZLE_LIVINGROOM_T_B_frame_2524.jpg,1280,720,hand,1153,627,1279,714
images/train/PUZZLE_LIVINGROOM_T_B_frame_2524.jpg,1280,720,hand,653,380,798,613
images/train/PUZZLE_LIVINGROOM_T_B_frame_2524.jpg,1280,720,hand,131,351,530,618
images/train/PUZZLE_LIVINGROOM_T_B_frame_2536.jpg,1280,720,hand,11,512,502,717
images/train/PUZZLE_LIVINGROOM_T_B_frame_2536.jpg,1280,720,hand,625,460,1221,714
images/train/PUZZLE_LIVINGROOM_T_B_frame_2536.jpg,1280,720,hand,228,276,480,510
images/train/PUZZLE_LIVINGROOM_T_B_frame_2536.jpg,1280,720,hand,3,296,192,547
images/train/PUZZLE_LIVINGROOM_T_B_frame_2567.jpg,1280,720,hand,10,363,299,716
images/train/PUZZLE_LIVINGROOM_T_B_frame_2567.jpg,1280,720,hand,804,371,1279,712
images/train/PUZZLE_LIVINGROOM_T_B_frame_2567.jpg,1280,720,hand,1006,264,1237,378
images/train/PUZZLE_LIVINGROOM_T_B_frame_2567.jpg,1280,720,hand,6,242,96,398
images/train/PUZZLE_LIVINGROOM_T_B_frame_2578.jpg,1280,720,hand,7,289,321,555
images/train/PUZZLE_LIVINGROOM_T_B_frame_2578.jpg,1280,720,hand,700,204,1275,679
images/train/PUZZLE_LIVINGROOM_T_B_frame_2578.jpg,1280,720,hand,961,65,1279,208
images/train/PUZZLE_LIVINGROOM_T_B_frame_2578.jpg,1280,720,hand,19,66,254,280
images/train/PUZZLE_LIVINGROOM_T_B_frame_2674.jpg,1280,720,hand,422,337,956,667
images/train/PUZZLE_LIVINGROOM_T_B_frame_2674.jpg,1280,720,hand,7,303,127,552
images/train/PUZZLE_LIVINGROOM_T_B_frame_2682.jpg,1280,720,hand,391,432,894,713
images/train/PUZZLE_LIVINGROOM_T_B_frame_2682.jpg,1280,720,hand,1,279,94,508
